,index,area_name,property_id,property_name,property_bedrooms,property_type,unit_id,unit_name,unit_type,bedroom,bathroom,beds,wifi,tv,ac,parking,pool,breakfast,building_staff,status,price_per_unit,total_bookings,overall_rating,cluster,PC1,PC2,PC3,PC4,PC5
0,0,Bingin,PR0057,Teges Asri,7,Guesthouse,UN1395,Room 1,Standard,1.0,1.0,1.0,1.0,0.0,1.0,1.0,1.0,0.0,0.0,1,1170735.410855,138.0,4.70257611,Cluster 1,-0.3096212183878607,-0.10540559683991106,-0.17805124735621447,0.03412256221595177,-0.09821227749274616
1,1,Bingin,PR0057,Teges Asri,7,Guesthouse,UN1396,Room 2,Standard,1.0,1.0,1.0,1.0,0.0,1.0,1.0,1.0,0.0,0.0,1,1201891.87251,143.0,4.82488479,Cluster 1,-0.30874597104463675,-0.10004823006992102,-0.17448518776988517,0.042949925268984446,-0.09950764417625554
2,2,Bingin,PR0057,Teges Asri,7,Guesthouse,UN1397,Room 3,Standard,1.0,1.0,1.0,1.0,0.0,1.0,1.0,1.0,0.0,1.0,1,1237457.943222,147.0,4.6744186,Cluster 2,-0.08260487485052173,-0.3112488400301278,0.11064206959162698,0.0715164293053243,-0.15644973936777537
3,3,Bingin,PR0057,Teges Asri,7,Guesthouse,UN1398,Room 4,Standard,1.0,1.0,1.0,1.0,0.0,1.0,1.0,1.0,0.0,0.0,1,1195869.256547,130.0,4.81027456,Cluster 1,-0.3088838293888751,-0.10070517450592671,-0.17491317471924395,0.041885926707377404,-0.09937361574181977
4,4,Bingin,PR0057,Teges Asri,7,Guesthouse,UN1399,Room 5,Standard,1.0,1.0,1.0,1.0,0.0,1.0,1.0,1.0,0.0,0.0,1,1189912.326634,130.0,4.79418886,Cluster 1,-0.3090255820282997,-0.10142346900101608,-0.17538373135043064,0.04071691161488832,-0.09921988381238706
5,5,Bingin,PR0057,Teges Asri,7,Guesthouse,UN1400,Room 6,Standard,1.0,1.0,1.0,1.0,0.0,1.0,1.0,1.0,0.0,0.0,1,1078860.879439,121.0,4.63428571,Cluster 1,-0.3102659186120184,-0.10848855385331356,-0.1797560282093927,0.028614581787902174,-0.09783536459930209
6,6,Bingin,PR0057,Teges Asri,7,Guesthouse,UN1401,Room 7,Teges Asri Studio,1.0,1.0,1.0,1.0,0.0,1.0,1.0,1.0,0.0,0.0,1,1255361.999533,157.0,4.6038961,Cluster 1,-0.30946009867845986,-0.10925269784318574,-0.18109851914115857,0.027721350205104488,-0.09643510493275811
7,7,Bingin,PR0502,Didi's Place,1,Villa,UN2454,Room 1,Room,1.0,1.0,1.0,1.0,0.0,0.0,1.0,0.0,0.0,0.0,1,1006734.353887,163.0,4.20197044,Cluster 3,-0.2079823169575301,0.25834061857958807,0.05847221500554919,0.3251871810574255,-0.11727473719553025
8,8,Bingin,PR0502,Didi's Place,1,Villa,UN2456,Room 2,Room,1.0,1.0,1.0,1.0,0.0,0.0,0.0,0.0,0.0,0.0,1,965149.259565,143.0,4.34205231,Cluster 3,-0.19017493910874875,0.2696690249083636,0.09843768767884055,0.39431188730108346,-0.03590827968235811
9,9,Bingin,PR0282,Kembang Kuning,13,Guesthouse,UN0366,Room 01,Downstairs Hot Water,1.0,1.0,1.0,1.0,0.0,1.0,0.0,1.0,0.0,0.0,1,1389113.273819,165.0,4.55572998,Cluster 1,-0.2930824146043338,-0.15664381599851515,-0.1917957005047087,0.011933299146925678,-0.032612088906742935
10,10,Bingin,PR0282,Kembang Kuning,13,Guesthouse,UN0367,Room 02,Downstairs Hot Water,1.0,1.0,1.0,1.0,0.0,1.0,1.0,1.0,0.0,0.0,1,1446823.37837,167.0,4.53861004,Cluster 1,-0.3084404844749087,-0.11125988902601582,-0.1833722976297642,0.024489030056316217,-0.09441473194365912
11,11,Bingin,PR0282,Kembang Kuning,13,Guesthouse,UN0368,Room 05,Downstairs Hot Water,1.0,1.0,1.0,1.0,0.0,1.0,1.0,1.0,0.0,0.0,1,1356909.751378,140.0,4.63010204,Cluster 1,-0.30890496658061406,-0.10788948922568094,-0.1806241969820399,0.030326296488672806,-0.09621775358850637
12,12,Bingin,PR0282,Kembang Kuning,13,Guesthouse,UN0369,Room 06,Downstairs Hot Water,1.0,1.0,1.0,1.0,0.0,1.0,1.0,1.0,0.0,0.0,1,1326362.700186,129.0,4.52597403,Cluster 1,-0.3090666426239228,-0.11213133717039982,-0.18341516818006473,0.02268799085430368,-0.09492240352553294
13,13,Bingin,PR0282,Kembang Kuning,13,Guesthouse,UN0372,Room 03,Upstairs Hot Water,1.0,1.0,1.0,1.0,0.0,1.0,1.0,1.0,0.0,0.0,1,1258252.917594,161.0,4.52995392,Cluster 1,-0.3094247572931459,-0.11217985682370331,-0.1831318015344137,0.022467171745273434,-0.09536962509202959
14,14,Bingin,PR0282,Kembang Kuning,13,Guesthouse,UN0373,Room 04,Upstairs Hot Water,1.0,1.0,1.0,1.0,0.0,1.0,1.0,1.0,0.0,0.0,1,1262911.925,139.0,4.67261905,Cluster 1,-0.30928095964885366,-0.10641042938528637,-0.1791685883605718,0.032659349683723936,-0.09731340139291172
15,15,Bingin,PR0282,Kembang Kuning,13,Guesthouse,UN0374,Room 11,Upstairs Hot Water,1.0,1.0,1.0,1.0,0.0,1.0,1.0,1.0,0.0,0.0,1,1216525.783218,132.0,4.61451247,Cluster 1,-0.3096413982710434,-0.10893189576853814,-0.18069757891707044,0.02819516301230679,-0.09679956413248386
16,16,Bingin,PR0282,Kembang Kuning,13,Guesthouse,UN0375,Room 12,Upstairs Hot Water,1.0,1.0,1.0,1.0,0.0,1.0,1.0,1.0,0.0,0.0,1,1288138.532971,134.0,4.6582633,Cluster 1,-0.30919614389834293,-0.10693458963092477,-0.17964705800705255,0.03182364893778494,-0.09698335587765719
17,17,Bingin,PR0803,Casa Blanca,2,Villa,UN3038,Well Bingin Villa,Villa,2.0,2.0,2.0,1.0,1.0,1.0,1.0,1.0,0.0,1.0,1,2209176.842857,66.0,4.70634921,Cluster 2,0.23102298170257246,-0.1972715615522451,-0.088924183391857,0.15038437908344096,-0.0674136680203343
18,18,Bingin,PR0694,The Bingin Green View,6,Guesthouse,UN2759,Room 1,The Bingin Green View,1.0,1.0,1.0,1.0,1.0,1.0,1.0,1.0,0.0,1.0,1,801483.199336,139.0,4.54761905,Cluster 2,0.22855852509634955,-0.22239767704586558,-0.07373373395376481,0.09887947897145051,-0.11972739313350636
19,19,Bingin,PR0694,The Bingin Green View,6,Guesthouse,UN2770,Room 2,The Bingin Green View,1.0,1.0,1.0,1.0,1.0,1.0,1.0,1.0,0.0,1.0,1,816656.027325,141.0,4.45238095,Cluster 2,0.2328503820364883,-0.2257547594261457,-0.07486531550415333,0.09396289334040009,-0.11852035454024865
20,20,Bingin,PR0694,The Bingin Green View,6,Guesthouse,UN2771,Room 3,The Bingin Green View,1.0,1.0,1.0,1.0,1.0,1.0,1.0,1.0,0.0,1.0,1,774810.809628,108.0,4.52173913,Cluster 2,0.2296705941459995,-0.2233875059099605,-0.07395127404943759,0.09737341913684425,-0.11954838914651719
21,21,Bingin,PR0694,The Bingin Green View,6,Guesthouse,UN2772,Room 4,The Bingin Green View,1.0,1.0,1.0,1.0,1.0,1.0,1.0,1.0,0.0,1.0,1,737533.124427,143.0,4.41964286,Cluster 2,0.23414380647119287,-0.22701195702855448,-0.07498002805495219,0.09178807724714944,-0.11847271449066339
22,22,Bingin,PR0694,The Bingin Green View,6,Guesthouse,UN2773,Room 5,The Bingin Green View,1.0,1.0,1.0,1.0,1.0,1.0,1.0,1.0,0.0,1.0,1,841594.288773,122.0,4.37755102,Cluster 2,0.23619901051759332,-0.22820968497004585,-0.07575713196450712,0.09015569581257706,-0.11745158355472111
23,23,Bingin,PR0694,The Bingin Green View,6,Guesthouse,UN2774,Room 6,The Bingin Green View,1.0,1.0,1.0,1.0,1.0,1.0,1.0,1.0,0.0,1.0,1,822477.610896,123.0,4.28571429,Cluster 2,0.24014543741321834,-0.23111845124664118,-0.07664940061673144,0.08518416250992923,-0.11629780207296786
24,24,Bingin,PR0694,The Bingin Green View,6,Guesthouse,UN3072,Room 7,The Bingin Green View,1.0,1.0,1.0,1.0,1.0,1.0,1.0,1.0,0.0,1.0,1,905984.241071,32.0,4.71428571,Cluster 2,0.22116656593247294,-0.21578555099075464,-0.07203436232987123,0.10811733129624922,-0.12104344142433744
25,25,Bingin,PR0694,The Bingin Green View,6,Guesthouse,UN3073,Room 8,The Bingin Green View,1.0,1.0,1.0,1.0,1.0,1.0,1.0,1.0,0.0,1.0,1,796543.233333,22.0,4.21428571,Cluster 2,0.24313544019349237,-0.2332418184944452,-0.07726903041980093,0.08124616553540835,-0.11539754777278827
26,26,Bingin,PR0768,Villa Del Sol,3,Villa,UN2891,Villa 1,Entire Villa,3.0,3.0,3.0,1.0,1.0,1.0,0.0,1.0,0.0,0.0,1,1888980.706502,76.0,4.59398496,Cluster 2,0.12454092730927681,-0.012883194899005263,-0.38047427404068346,0.15568484258267734,0.10377174577561066
27,27,Bingin,PR0518,Bingin Sun & Moon Villas,5,Guesthouse,UN2545,Villa 1,Standard,1.0,1.0,1.0,1.0,1.0,1.0,1.0,0.0,0.0,0.0,1,901079.920233,138.0,4.70588235,Cluster 2,0.09615808688525986,0.2970204359277973,-0.16084668681151973,0.2479257419120329,-0.10185009225315356
28,28,Bingin,PR0518,Bingin Sun & Moon Villas,5,Guesthouse,UN2546,Villa 2,Standard,1.0,1.0,1.0,1.0,1.0,1.0,1.0,0.0,0.0,0.0,1,869592.499672,123.0,4.65593561,Cluster 2,0.09825253831119017,0.2972393510290612,-0.16209432660653245,0.2454219211087519,-0.10139914356096891
29,29,Bingin,PR0518,Bingin Sun & Moon Villas,5,Guesthouse,UN2547,Villa 3,Standard,1.0,1.0,1.0,1.0,1.0,1.0,1.0,0.0,0.0,0.0,1,523926.380368,26.0,4.67857143,Cluster 2,0.09633560782798038,0.2968818773518498,-0.1603052340647422,0.2443199859364312,-0.10352777743352234
30,30,Bingin,PR0518,Bingin Sun & Moon Villas,5,Guesthouse,UN2548,Villa 4,Deluxe,1.0,1.0,1.0,1.0,1.0,1.0,1.0,0.0,0.0,0.0,1,1040919.822495,160.0,4.58184524,Cluster 2,0.10194867822058563,0.29764377257956126,-0.16457520115863916,0.24295808576101427,-0.09947831638234003
31,31,Bingin,PR0518,Bingin Sun & Moon Villas,5,Guesthouse,UN2549,Villa 5,Standard,1.0,1.0,1.0,1.0,1.0,1.0,1.0,0.0,0.0,0.0,1,875411.293481,138.0,4.63513513,Cluster 2,0.09917796953298864,0.2973351935733691,-0.1626660478253548,0.24448070467988256,-0.10110032005437039
32,32,Bingin,PR0840,Villa Darina,2,Villa,UN3074,Villa Darina Entire,Villa,2.0,2.0,2.0,1.0,0.0,1.0,1.0,1.0,0.0,0.0,1,2020250.571429,29.0,4.22222222,Cluster 1,-0.2769270211948982,-0.10227381200875098,-0.20404057903546863,0.054065031061266706,-0.027745945158665294
33,33,Bingin,PR0769,Villa Permana,1,Villa,UN2888,Villa - 2 (1BR),Villa - 2,1.0,1.0,1.0,1.0,1.0,1.0,1.0,0.0,0.0,1.0,1,1997371.147403,101.0,4.8891258,Cluster 2,0.2760592772196783,0.06107184864943997,0.12124235945748492,0.2797131810755549,-0.15541569644630446
34,34,Bingin,PR0769,Villa Permana,1,Villa,UN2911,Villa - 3 (2BR),Villa - 3,2.0,2.0,2.0,1.0,1.0,1.0,1.0,0.0,0.0,1.0,1,2400080.054005,113.0,4.92857143,Cluster 2,0.28061359824725274,0.07227846398834893,0.10078838862129325,0.31624960480627545,-0.1024218869367521
35,35,Bingin,PR0769,Villa Permana,1,Villa,UN2922,Villa - 1 (2BR),Villa - 1,2.0,2.0,2.0,1.0,1.0,1.0,1.0,0.0,0.0,1.0,1,2508247.801901,107.0,4.74175824,Cluster 2,0.29107869076172244,0.06907739299397485,0.10086698128456448,0.31041146046554385,-0.0998031835722729
36,36,Bingin,PR0779,Villa Raava,2,Villa,UN2996,Entire,Villa Raava,2.0,2.0,2.0,1.0,1.0,1.0,1.0,1.0,0.0,0.0,1,3326781.194444,77.0,4.53361344,Cluster 2,0.06656910188541916,-0.004228138788513904,-0.3644025737337034,0.12090058028756685,0.00121196761021324
37,37,Bingin,PR0088,Villa Tortoise,4,Villa,UN1293,Villa,Villa Tortoise,4.0,2.0,4.0,1.0,0.0,1.0,0.0,0.0,0.0,1.0,1,2918791.174938,153.0,4.19254658,Cluster 2,0.0717884962505126,-0.017548210829519437,0.3072686069333188,0.3224935265200494,0.01138987255957499
38,38,Bingin,PR0088,Villa Tortoise,4,Villa,UN1295,Room 1,Villa Tortoise - Room 1,1.0,1.0,1.0,1.0,1.0,1.0,0.0,0.0,0.0,0.0,1,716444.965924,143.0,4.22208884,Cluster 2,0.19196122248193498,0.3066303922216391,-0.1808421572763481,0.23572790640886956,-0.031044664293613588
39,39,Bingin,PR0088,Villa Tortoise,4,Villa,UN3040,Room 2,Villa Tortoise - Room 2,1.0,1.0,1.0,1.0,0.0,1.0,0.0,0.0,0.0,0.0,1,744056.045161,43.0,4.57142857,Cluster 3,-0.2841280702651843,0.23586989660160418,0.08070278584296774,0.22534714770765973,-0.08636406848723746
40,40,Bingin,PR0793,San Pedro,4,Villa,UN3020,Entire,Entire Villa,2.0,2.0,2.0,1.0,1.0,1.0,1.0,1.0,0.0,0.0,1,4170272.541833,75.0,4.50857143,Cluster 2,0.0691512668760718,-0.0014142415727236748,-0.36272671248343497,0.12474371614773523,0.005288074134942503
41,41,Bingin,PR0120,Bingin Ombak,7,Guesthouse,UN0165,Standard 1,Standard,1.0,2.0,1.0,1.0,0.0,0.0,0.0,0.0,0.0,0.0,1,787269.837857,99.0,4.66071429,Cluster 3,-0.17751805458270534,0.27059881745851644,0.08472207507054784,0.4199198616341775,-0.018561584947539966
42,42,Bingin,PR0120,Bingin Ombak,7,Guesthouse,UN1536,Standard 2,Standard,1.0,2.0,1.0,1.0,0.0,0.0,0.0,0.0,0.0,0.0,1,741445.408593,98.0,4.49911817,Cluster 3,-0.178127374500961,0.27238501246717906,0.08635399758919592,0.41666993421241305,-0.013034486823873518
43,43,Bingin,PR0120,Bingin Ombak,7,Guesthouse,UN1537,Standard 3,Standard,1.0,3.0,1.0,1.0,0.0,0.0,0.0,0.0,0.0,0.0,1,751254.844472,93.0,4.69933555,Cluster 3,-0.16193780409104208,0.27250067417294144,0.07331800616779142,0.4319211129811228,0.006244213221684195
44,44,Bingin,PR0120,Bingin Ombak,7,Guesthouse,UN1538,Standard 4,Standard,1.0,1.0,1.0,1.0,0.0,0.0,0.0,0.0,0.0,0.0,1,792583.005127,86.0,4.51904762,Cluster 3,-0.1914522861136473,0.2678616073940095,0.09783649942378726,0.3984836576408712,-0.043365332171716155
45,45,Bingin,PR0120,Bingin Ombak,7,Guesthouse,UN1539,Apartment - 1 Lantai 1,Bingin Ombak Apartment - 1 Lantai 1,1.0,1.0,1.0,1.0,0.0,1.0,0.0,0.0,0.0,0.0,1,1072691.524975,67.0,4.41114983,Cluster 3,-0.28328221436667717,0.23586822890012976,0.07919916671929157,0.2175459658947659,-0.08096415712817345
46,46,Bingin,PR0120,Bingin Ombak,7,Guesthouse,UN1540,Apartment - 2 Lantai 2,Bingin Ombak Apartment - 2 Lantai 2,1.0,1.0,1.0,1.0,0.0,1.0,0.0,0.0,0.0,0.0,1,1222988.363247,100.0,4.31769723,Cluster 3,-0.28221187229953826,0.235696092182954,0.07840443391377126,0.21228763766287212,-0.0778263029929587
47,47,Canggu,PR0637,ME Villa Kayu Tulang,2,Villa,UN2620,Unit 1,Me Villa Kayu Tulang,1.0,1.0,1.0,0.0,1.0,0.0,1.0,0.0,0.0,0.0,1,486362.058004,177.0,4.52224824,Cluster 2,0.4131235014922347,0.31076774076534425,-0.2823971125099428,0.298035792567219,-0.019290391504639483
48,48,Canggu,PR0637,ME Villa Kayu Tulang,2,Villa,UN2621,Unit 2,Me Villa Kayu Tulang,1.0,1.0,1.0,0.0,1.0,0.0,1.0,0.0,0.0,0.0,1,492259.253947,161.0,4.52321429,Cluster 2,0.41302552074358706,0.3107625277689222,-0.2823619119960397,0.2981349643581804,-0.019278126467710415
49,49,Canggu,PR0241,ME Villa Batu Mejan,6,Villa,UN0601,Me Villa A,2BR,2.0,2.0,2.0,1.0,1.0,1.0,1.0,1.0,0.0,1.0,1,1115352.682285,142.0,4.53542393,Cluster 2,0.23841070616607873,-0.20376560235109992,-0.08264936633322228,0.1270122440929939,-0.05634906291885309
50,50,Canggu,PR0241,ME Villa Batu Mejan,6,Villa,UN0602,B,1BR,1.0,1.0,1.0,1.0,1.0,1.0,1.0,1.0,0.0,0.0,1,917207.50224,120.0,4.65752129,Cluster 2,0.04531669982905844,-0.016654025204618037,-0.3464464573103826,0.06295318550326674,-0.04770509759049409
51,51,Canggu,PR0241,ME Villa Batu Mejan,6,Villa,UN0603,C,1BR,1.0,1.0,1.0,1.0,1.0,1.0,1.0,1.0,0.0,1.0,1,950432.937737,125.0,4.68051948,Cluster 2,0.2238966285718859,-0.21411004144254037,-0.06684760474533308,0.09713176727353683,-0.10682807954041922
52,52,Canggu,PR0241,ME Villa Batu Mejan,6,Villa,UN0604,D,1BR,1.0,1.0,1.0,1.0,1.0,1.0,1.0,1.0,0.0,1.0,1,921406.702682,109.0,4.56422569,Cluster 2,0.22914456980780412,-0.21859296470724693,-0.06811178361531216,0.090844217224958,-0.10557368908927066
53,53,Canggu,PR0241,ME Villa Batu Mejan,6,Villa,UN0605,E,1BR,1.0,1.0,1.0,1.0,1.0,1.0,1.0,1.0,0.0,1.0,1,932733.773187,108.0,4.58193277,Cluster 2,0.22836320599349008,-0.21791507610664812,-0.06794452892838306,0.09184444830387788,-0.1057403103913739
54,54,Canggu,PR0424,Kubu Mesari,3,Villa,UN2250,Whole,Whole,3.0,5.0,3.0,1.0,1.0,1.0,1.0,1.0,0.0,0.0,1,1314743.998522,127.0,4.7903525,Cluster 2,0.06939625442985907,0.028780498283681132,-0.3404906732469426,0.1765977422225204,0.0717821232583648
55,55,Canggu,PR0861,Kubu Kembar Guesthouse,6,Guesthouse,UN3092,Room 1,Guest House,1.0,1.0,1.0,1.0,0.0,1.0,1.0,1.0,0.0,1.0,1,313325.289474,7.0,5.0,Cluster 2,-0.09041449313612619,-0.2910242591680035,0.11866059289782116,0.07520423011364677,-0.14821411151525005
56,57,Canggu,PR0861,Kubu Kembar Guesthouse,6,Guesthouse,UN3094,Room 3,Guest House,1.0,1.0,1.0,1.0,0.0,1.0,1.0,1.0,0.0,1.0,1,337910.824561,3.0,5.0,Cluster 2,-0.09035237838882944,-0.29099865560281046,0.1185752049382602,0.07534482577034277,-0.14810333141248735
57,61,Canggu,PR0510,Kencana homestay,7,Guesthouse,UN2493,Room 1,Kencana Homestay,1.0,1.0,1.0,1.0,0.0,1.0,1.0,1.0,0.0,0.0,1,391863.595295,67.0,4.66409266,Cluster 1,-0.3114082848104355,-0.10504809554367618,-0.16971481224906823,0.014680371915698133,-0.08553229592995293
58,62,Canggu,PR0510,Kencana homestay,7,Guesthouse,UN2494,Room 2,Kencana Homestay,1.0,1.0,1.0,1.0,0.0,1.0,1.0,1.0,0.0,0.0,1,398797.068195,60.0,4.76785714,Cluster 1,-0.31088462976259357,-0.10064412098914573,-0.16680118113349585,0.022289119648716348,-0.08694334677077634
59,63,Canggu,PR0510,Kencana homestay,7,Guesthouse,UN2495,Room 3,Kencana Homestay,1.0,1.0,1.0,1.0,0.0,1.0,1.0,1.0,0.0,0.0,1,400886.062054,47.0,4.69897959,Cluster 1,-0.31124808083064465,-0.1035781098584208,-0.16877376412769693,0.017289145502806965,-0.08598437828074271
60,64,Canggu,PR0510,Kencana homestay,7,Guesthouse,UN2496,Room 4,Kencana Homestay,1.0,1.0,1.0,1.0,0.0,1.0,1.0,1.0,0.0,0.0,1,407809.540683,46.0,4.68571429,Cluster 1,-0.3112810164780149,-0.10412624693793755,-0.16917217412654245,0.016366275818250318,-0.08576058344316329
61,65,Canggu,PR0510,Kencana homestay,7,Guesthouse,UN2497,Room 5,Kencana Homestay,1.0,1.0,1.0,1.0,0.0,1.0,1.0,1.0,0.0,0.0,1,385893.481032,51.0,4.78991597,Cluster 1,-0.3107760383249307,-0.09970466170901744,-0.1661134861551272,0.023804643915805113,-0.08730254667685206
62,66,Canggu,PR0510,Kencana homestay,7,Guesthouse,UN2498,Room 6,Kencana Homestay,1.0,1.0,1.0,1.0,0.0,1.0,1.0,1.0,0.0,0.0,1,391753.537393,48.0,4.79635258,Cluster 1,-0.3107121894440706,-0.09941739359575384,-0.16594782496670812,0.024308849491935,-0.08735752532543087
63,67,Canggu,PR0510,Kencana homestay,7,Guesthouse,UN2499,Room 7,Kencana Homestay,1.0,1.0,1.0,1.0,0.0,1.0,1.0,1.0,0.0,0.0,1,380654.327898,54.0,4.88095238,Cluster 1,-0.31003468242975124,-0.0956993857883799,-0.1634070244508555,0.030334426591782003,-0.08848923224620281
64,68,Canggu,PR0404,Kamisama Homestay,4,Guesthouse,UN2153,Joglo 1,Kamisama Joglo,1.0,1.0,1.0,1.0,1.0,1.0,1.0,1.0,0.0,0.0,1,711087.817913,149.0,4.82478544,Cluster 2,0.03917262495786109,-0.012399980649623613,-0.33900215272547873,0.07174821798772625,-0.05149510223968084
65,69,Canggu,PR0404,Kamisama Homestay,4,Guesthouse,UN2160,Joglo 2,Kamisama Joglo,1.0,1.0,1.0,1.0,1.0,1.0,1.0,1.0,0.0,0.0,1,705095.047095,118.0,4.81718282,Cluster 2,0.03940847589687333,-0.012621174641763728,-0.3393123441281399,0.07125864993006369,-0.051398847873133556
66,74,Canggu,PR0776,Rara Villa,2,Villa,UN2912,Rara Villa,Rara Villa,2.0,2.0,2.0,1.0,0.0,1.0,1.0,1.0,0.0,1.0,1,924402.168496,52.0,4.85164835,Cluster 2,-0.07039514388440164,-0.2802124505899174,0.09844068424673377,0.10904278836320125,-0.09296424227928565
67,75,Canggu,PR0650,Rara Guesthouse ,6,Guesthouse,UN2693,1,Guesthouse,1.0,1.0,1.0,0.0,1.0,0.0,1.0,0.0,0.0,0.0,1,377354.364251,50.0,4.93506494,Cluster 2,0.3633244266622502,0.30466489048431994,-0.2539750290155577,0.31483284449711846,-0.031161264591923945
68,76,Canggu,PR0650,Rara Guesthouse ,6,Guesthouse,UN2694,2,Guesthouse,1.0,1.0,1.0,0.0,1.0,0.0,1.0,0.0,0.0,0.0,1,376041.84489,72.0,4.63571429,Cluster 2,0.39918479620084546,0.30918974447554265,-0.2744494931836298,0.3026354286477027,-0.023333949457538996
69,77,Canggu,PR0650,Rara Guesthouse ,6,Guesthouse,UN2696,4,Guesthouse,1.0,1.0,1.0,0.0,1.0,0.0,1.0,0.0,0.0,0.0,1,361040.690301,56.0,4.87662338,Cluster 2,0.3702116221890772,0.30559049791830106,-0.257949731861204,0.3125835302905223,-0.02983029972879891
70,78,Canggu,PR0801,Hattala Villa,3,Villa,UN3052,Entire,Villa,3.0,5.0,3.0,1.0,1.0,1.0,1.0,1.0,0.0,1.0,1,2516585.47561,32.0,4.61904762,Cluster 2,0.23644828917299343,-0.15443116078951852,-0.09914247732647091,0.19684580493994674,0.0191019062627078
71,79,Canggu,PR0442,Pondok Bagus Guesthouse,10,Guesthouse,UN2287,Room 1T,Twin,1.0,1.0,1.0,1.0,0.0,1.0,1.0,1.0,0.0,0.0,1,383537.066841,65.0,4.81481481,Cluster 1,-0.3105990191725788,-0.09862096847872263,-0.1653772130566959,0.025590912028735383,-0.08763992143402113
72,80,Canggu,PR0442,Pondok Bagus Guesthouse,10,Guesthouse,UN2288,Room 2,Double,1.0,1.0,1.0,1.0,0.0,1.0,1.0,1.0,0.0,0.0,1,433050.730518,83.0,4.78684807,Cluster 1,-0.31065100481696,-0.0997783282167048,-0.16637749689543094,0.023889779165457564,-0.08702197028786801
73,81,Canggu,PR0442,Pondok Bagus Guesthouse,10,Guesthouse,UN2293,Room 3,Double,1.0,1.0,1.0,1.0,0.0,1.0,1.0,1.0,0.0,0.0,1,439746.613753,75.0,4.79310345,Cluster 1,-0.3105859039857793,-0.09949771082251858,-0.16621993166811144,0.024386424047987396,-0.08707054521955998
74,82,Canggu,PR0442,Pondok Bagus Guesthouse,10,Guesthouse,UN2298,Room 4,Double,1.0,1.0,1.0,1.0,0.0,1.0,1.0,1.0,0.0,0.0,1,444240.235565,64.0,4.78787879,Cluster 1,-0.3106083952121884,-0.09971886657690464,-0.1663885901538682,0.024037602170174782,-0.08697852643432288
75,83,Canggu,PR0442,Pondok Bagus Guesthouse,10,Guesthouse,UN2301,Room 5,Double,1.0,1.0,1.0,1.0,0.0,1.0,1.0,1.0,0.0,0.0,1,437527.394323,72.0,4.75274725,Cluster 1,-0.31085633874378216,-0.10124465133499956,-0.16738017641380268,0.021445575101624696,-0.08654128068284406
76,84,Canggu,PR0442,Pondok Bagus Guesthouse,10,Guesthouse,UN2313,Room 8,Double,1.0,1.0,1.0,1.0,0.0,1.0,1.0,1.0,0.0,0.0,1,460784.801213,79.0,4.66964286,Cluster 1,-0.3111698122902692,-0.10472639829200227,-0.16981789551701962,0.015543561278793083,-0.08525613792777875
77,85,Canggu,PR0442,Pondok Bagus Guesthouse,10,Guesthouse,UN2318,Room 9,Double,1.0,1.0,1.0,1.0,0.0,1.0,1.0,1.0,0.0,0.0,1,430430.052251,65.0,4.82967033,Cluster 1,-0.3103362124971506,-0.09791010674868807,-0.1651135266218286,0.02696741571488575,-0.08759378020705794
78,86,Canggu,PR0442,Pondok Bagus Guesthouse,10,Guesthouse,UN3023,Room 6T,Twin,1.0,1.0,1.0,1.0,0.0,1.0,1.0,1.0,0.0,0.0,1,389751.322581,47.0,4.8,Cluster 1,-0.3106917795434912,-0.09926089598802339,-0.16583393452447023,0.024559847010298785,-0.08741552296534719
79,87,Canggu,PR0442,Pondok Bagus Guesthouse,10,Guesthouse,UN3024,Room 7,Double,1.0,1.0,1.0,1.0,0.0,1.0,1.0,1.0,0.0,0.0,1,392748.453744,36.0,4.85714286,Cluster 1,-0.31021810291785057,-0.0967439890396977,-0.16416156538483448,0.02870206756603816,-0.08813274230539814
80,88,Canggu,PR0442,Pondok Bagus Guesthouse,10,Guesthouse,UN3025,Room 10,Double,1.0,1.0,1.0,1.0,0.0,1.0,1.0,1.0,0.0,0.0,1,402465.601533,37.0,4.8015873,Cluster 1,-0.3106410492978287,-0.0991759181152999,-0.1658348234789155,0.024757299667732942,-0.08737177197058704
81,89,Canggu,PR0492,Amazon Guesthouse,8,Guesthouse,UN2436,Room 1,Amazon GH,1.0,1.0,1.0,1.0,0.0,1.0,1.0,1.0,0.0,0.0,1,428530.225362,51.0,4.56349206,Cluster 1,-0.31145265795901145,-0.10908502676225328,-0.17258119655487786,0.007549113567393784,-0.08383364195835008
82,90,Canggu,PR0492,Amazon Guesthouse,8,Guesthouse,UN2437,Room 2,Amazon GH,1.0,1.0,1.0,1.0,0.0,1.0,1.0,1.0,0.0,0.0,1,434843.952793,68.0,4.84210526,Cluster 1,-0.3102189592653782,-0.09735640727254895,-0.16476227071289778,0.02789209718862916,-0.08773020947254412
83,91,Canggu,PR0492,Amazon Guesthouse,8,Guesthouse,UN2439,Room 4,Amazon GH,1.0,1.0,1.0,1.0,0.0,1.0,1.0,1.0,0.0,0.0,1,424099.861109,68.0,4.48660714,Cluster 1,-0.31135938883901754,-0.11207856110686289,-0.17455683901571226,0.0018689713267633498,-0.08263302452585627
84,92,Canggu,PR0492,Amazon Guesthouse,8,Guesthouse,UN2442,Room 7,Amazon GH,1.0,1.0,1.0,1.0,0.0,1.0,1.0,1.0,0.0,0.0,1,447306.470354,61.0,4.79761905,Cluster 1,-0.3105295103724868,-0.09929115935271988,-0.1661158755780909,0.02476256083948518,-0.08709148557685631
85,93,Canggu,PR0852,Villa Kate,4,Villa,UN3088,Villa Kate,Entire Villa,4.0,5.0,4.0,1.0,1.0,1.0,1.0,1.0,0.0,1.0,1,2037202.828571,9.0,5.0,Cluster 2,0.22272975855228222,-0.13138827689994698,-0.09898906360743165,0.22600005687039415,0.0367978883347937
86,94,Canggu,PR0575,Armadillo Guesthouse,9,Guesthouse,UN2599,9D,Double,1.0,1.0,2.0,1.0,0.0,1.0,1.0,1.0,0.0,0.0,1,544169.351681,145.0,4.6987013,Cluster 1,-0.3040811182760772,-0.09704306329455124,-0.17170989142974594,0.03294970410974838,-0.0704582064088774
87,95,Canggu,PR0575,Armadillo Guesthouse,9,Guesthouse,UN2602,10D,Double,1.0,1.0,2.0,1.0,0.0,1.0,1.0,1.0,0.0,0.0,1,525580.632376,113.0,4.75,Cluster 1,-0.3039541970204274,-0.09497835056711428,-0.17020186974009505,0.036414677791507435,-0.0713527933265726
88,96,Canggu,PR0575,Armadillo Guesthouse,9,Guesthouse,UN2603,11D,Double,1.0,1.0,2.0,1.0,0.0,1.0,1.0,1.0,0.0,0.0,1,535145.537851,136.0,4.5393586,Cluster 1,-0.30418404812264616,-0.10327489614361408,-0.17595573506345225,0.021666768514745853,-0.06786970250379626
89,97,Canggu,PR0575,Armadillo Guesthouse,9,Guesthouse,UN2913,14D,Double,1.0,1.0,2.0,1.0,0.0,1.0,1.0,1.0,0.0,0.0,1,549892.988844,93.0,4.7518797,Cluster 1,-0.30386472375408546,-0.0948654369432295,-0.17023411601592156,0.03670480455914462,-0.07125813058302238
90,98,Canggu,PR0575,Armadillo Guesthouse,9,Guesthouse,UN2946,20,New Building Upstairs,1.0,1.0,1.0,1.0,0.0,1.0,1.0,1.0,0.0,0.0,1,454019.84,61.0,4.72413793,Cluster 1,-0.3109610062276789,-0.10244435574737458,-0.16825913608423146,0.019473651257350573,-0.08606333231550198
91,99,Canggu,PR0575,Armadillo Guesthouse,9,Guesthouse,UN2947,21,New Building Upstairs,1.0,1.0,1.0,1.0,0.0,1.0,1.0,1.0,0.0,0.0,1,404995.22973,52.0,4.70285714,Cluster 1,-0.31121822167919927,-0.10340953194009951,-0.16867992626984757,0.017599168805813043,-0.08601791829168301
92,100,Canggu,PR0575,Armadillo Guesthouse,9,Guesthouse,UN2948,22,New Building Upstairs,1.0,1.0,1.0,1.0,0.0,1.0,1.0,1.0,0.0,0.0,1,463461.463415,60.0,4.79464286,Cluster 1,-0.3104992211441567,-0.09939907790466875,-0.16626168129776037,0.024653004261609532,-0.0869697948030636
93,101,Canggu,PR0575,Armadillo Guesthouse,9,Guesthouse,UN2950,15,New Building Downstairs,1.0,1.0,1.0,1.0,0.0,1.0,1.0,1.0,0.0,0.0,1,437441.551613,50.0,4.70238095,Cluster 1,-0.31111755809253483,-0.10338729515249483,-0.16881424938643586,0.01777863400774933,-0.08584418993670004
94,102,Canggu,PR0575,Armadillo Guesthouse,9,Guesthouse,UN2951,16,New Building Downstairs,1.0,1.0,1.0,1.0,0.0,1.0,1.0,1.0,0.0,0.0,1,430139.8259,48.0,4.79285714,Cluster 1,-0.3106179916525508,-0.099520977534248,-0.16619181870792793,0.024305839500989565,-0.08711627165012417
95,103,Canggu,PR0575,Armadillo Guesthouse,9,Guesthouse,UN2952,17,New Building Downstairs,1.0,1.0,1.0,1.0,0.0,1.0,1.0,1.0,0.0,0.0,1,440587.926518,54.0,4.88392857,Cluster 1,-0.30982232563526774,-0.09549194836949519,-0.163537577859598,0.030933380251399023,-0.08822440738823148
96,104,Canggu,PR0575,Armadillo Guesthouse,9,Guesthouse,UN2953,18,New Building Downstairs,1.0,1.0,1.0,1.0,0.0,1.0,1.0,1.0,0.0,0.0,1,436987.358885,53.0,4.80952381,Cluster 1,-0.31047401651148504,-0.09878518465387408,-0.16572984534385546,0.025555852249524877,-0.08729994342946742
97,105,Canggu,PR0575,Armadillo Guesthouse,9,Guesthouse,UN3030,19,New Building Upstairs,1.0,1.0,1.0,1.0,0.0,1.0,1.0,1.0,0.0,0.0,1,481907.026738,22.0,4.67032967,Cluster 1,-0.3110979897785247,-0.10466823176632874,-0.16987642577308718,0.015734642508814747,-0.08515644795450089
98,106,Canggu,PR0813,Canggu Bali Villa,5,Guesthouse,UN3044,Room Number 1,Standard ,1.0,1.0,1.0,1.0,1.0,1.0,1.0,1.0,0.0,1.0,1,646949.446154,29.0,4.46428571,Cluster 2,0.23309437430808078,-0.22265333207182497,-0.06836485977900204,0.0839830177006885,-0.10553939077034617
99,107,Canggu,PR0813,Canggu Bali Villa,5,Guesthouse,UN3045,Room Number 2,Standard ,1.0,1.0,1.0,1.0,1.0,1.0,1.0,1.0,0.0,1.0,1,653472.069231,34.0,4.73469388,Cluster 2,0.22082576211101437,-0.2124806217699112,-0.06529037071601591,0.09832199254068527,-0.10876119709654797
100,108,Canggu,PR0813,Canggu Bali Villa,5,Guesthouse,UN3046,Room Number 3,Standard ,1.0,1.0,1.0,1.0,1.0,1.0,1.0,1.0,0.0,1.0,1,638828.518248,28.0,4.46153846,Cluster 2,0.23319981604526865,-0.2227607777073891,-0.06836861228239141,0.08379063753129884,-0.10553964058278094
101,109,Canggu,PR0813,Canggu Bali Villa,5,Guesthouse,UN3047,Room Number 4,Standard ,1.0,1.0,1.0,1.0,1.0,1.0,1.0,1.0,0.0,1.0,1,673371.806723,25.0,4.9047619,Cluster 2,0.21297720760298652,-0.20531502223495623,-0.06324225675885284,0.10723553208449416,-0.11040839297302016
102,110,Canggu,PR0813,Canggu Bali Villa,5,Guesthouse,UN3048,Room Number 5,Standard ,1.0,1.0,1.0,1.0,1.0,1.0,1.0,1.0,0.0,1.0,1,670028.655462,26.0,4.52857143,Cluster 2,0.23026243541840571,-0.22034844527260772,-0.06773482107650124,0.08753755041475081,-0.10626494687988437
103,111,Jimbaran,PR0354,Villa Bahagia,10,Villa,UN1897,Villa A,5BR Villa,5.0,5.0,5.0,1.0,1.0,1.0,1.0,1.0,0.0,0.0,1,2180685.100072,165.0,4.3956044,Cluster 2,0.09826303289141693,0.04494923583907733,-0.33516117566355297,0.19227863543760637,0.14582715469629617
104,112,Jimbaran,PR0354,Villa Bahagia,10,Villa,UN1898,Villa B,5BR Villa,5.0,5.0,5.0,1.0,1.0,1.0,1.0,1.0,0.0,0.0,1,2250929.464732,132.0,4.3776908,Cluster 2,0.09892911687681145,0.04484099673908472,-0.33556954644115244,0.19186721758629974,0.1464598549252871
105,113,Jimbaran,PR0092,Villa Kanha,2,Villa,UN1230,Villa,Villa Kanha,2.0,2.0,2.0,1.0,1.0,1.0,1.0,1.0,0.0,0.0,1,962759.996443,163.0,4.52142857,Cluster 2,0.06393925183485337,-0.004529742560501569,-0.3525437018501013,0.08555589675820008,0.020171649346407045
106,114,Jimbaran,PR0112,Villa Arindra,4,Guesthouse,UN1169,Villa 1 (Wayan),Villa Arindra,1.0,1.0,1.0,1.0,1.0,1.0,1.0,1.0,1.0,0.0,1,598511.499606,128.0,4.60954721,Cluster 2,0.12174898185930026,0.12702225430131633,-0.29720860472925226,-0.19495474931274245,-0.234800792875683
107,115,Jimbaran,PR0112,Villa Arindra,4,Guesthouse,UN1170,Villa 2 (Made),Villa Arindra,1.0,1.0,1.0,1.0,1.0,1.0,1.0,1.0,1.0,1.0,1,616181.975121,119.0,4.60032103,Cluster 2,0.28506308477971043,-0.06962392410260153,-0.04110748895041395,-0.14770135860643296,-0.2774186710871121
108,116,Jimbaran,PR0112,Villa Arindra,4,Guesthouse,UN1172,Villa 3 (Nyoman),Villa Arindra,1.0,1.0,1.0,1.0,1.0,1.0,1.0,1.0,1.0,1.0,1,631564.225806,106.0,4.60426929,Cluster 2,0.2849132465237781,-0.06951403701499029,-0.0411197865491026,-0.14736071286437602,-0.27735308057799507
109,117,Jimbaran,PR0112,Villa Arindra,4,Guesthouse,UN1173,Villa 4 (Ketut),Villa Arindra,1.0,0.0,1.0,1.0,1.0,1.0,1.0,1.0,1.0,1.0,1,588078.649353,112.0,4.6031746,Cluster 2,0.2831909940740675,-0.07372064283269417,-0.03676872506685113,-0.16164402059327584,-0.2916762360194388
110,118,Karangasem,PR0757,Bird Hills,-1,Villa,UN2846,Bird Hills - Entire,Entire,2.0,2.0,2.0,1.0,0.0,0.0,1.0,0.0,1.0,1.0,1,2695755.24972,288.0,4.74107143,Cluster 2,0.16656541998139784,0.15690808893443756,0.3447842885807446,0.06120785686929757,-0.28401536372866637
111,119,Karangasem,PR0775,The Rampage House,2,Villa,UN2921,The Rampage House - Entire,Entire Villa - The Rampage House,2.0,1.0,2.0,1.0,1.0,0.0,1.0,1.0,1.0,1.0,1,2049421.32964,182.0,4.62473348,Cluster 2,0.3975627860360821,-0.06682824317005173,-0.05336177154123449,-0.06841514049959643,-0.2101995356300127
112,123,Kerobokan,PR0780,Villa Mango Sky,3,Villa,UN2943,Villa Mango Sky,Villa,3.0,3.0,3.0,1.0,1.0,1.0,1.0,1.0,0.0,1.0,1,2083320.897,110.0,4.79487179,Cluster 2,0.23464266162619296,-0.16239126584333569,-0.07634211756010753,0.1515479903391242,0.026578933062852084
113,124,Kintamani,PR0722,Cloud Hills Glamping,3,Guesthouse,UN2808,Glamping 1,Glamping,1.0,1.0,1.0,1.0,0.0,1.0,1.0,0.0,1.0,1.0,1,606732.58756,338.0,4.5437788,Cluster 2,0.05587722821074934,0.1443444908383765,0.3697864026066666,-0.09964310597668545,-0.33454301175323176
114,125,Kintamani,PR0722,Cloud Hills Glamping,3,Guesthouse,UN2809,Glamping 2,Glamping,1.0,1.0,1.0,1.0,0.0,1.0,1.0,0.0,1.0,1.0,1,668150.168018,274.0,4.54910714,Cluster 2,0.055847105190837514,0.14446553937343598,0.3693950310292356,-0.09885582910586227,-0.33418415524058
115,126,Kintamani,PR0722,Cloud Hills Glamping,3,Guesthouse,UN2810,Glamping 3,Glamping,1.0,1.0,1.0,1.0,0.0,1.0,1.0,0.0,1.0,1.0,1,664290.999242,234.0,4.53424657,Cluster 2,0.056360833502952824,0.14429869507405774,0.36977414968290356,-0.09997683398080676,-0.3342999925866448
116,127,Kintamani,PR0722,Cloud Hills Glamping,3,Guesthouse,UN2852,Cabin 1,Cabin,1.0,1.0,2.0,1.0,0.0,1.0,1.0,0.0,0.0,1.0,1,662143.465,172.0,4.56043956,Cluster 2,-0.02945993435843263,-0.005635963987577619,0.37704463464607546,0.1894322050914628,-0.1088470562903444
117,128,Kintamani,PR0722,Cloud Hills Glamping,3,Guesthouse,UN2887,Cabin 2,Cabin,1.0,1.0,2.0,1.0,0.0,1.0,1.0,0.0,0.0,1.0,1,664173.354118,93.0,4.68571429,Cluster 2,-0.03307469210811017,-0.0020779171388943204,0.37299679051357065,0.19598697134038068,-0.11035369499195502
118,129,Kintamani,PR0827,Yucabin,6,Guesthouse,UN3056,Cabin 1 (AMOR),Cabin,1.0,1.0,1.0,1.0,1.0,1.0,1.0,0.0,0.0,1.0,1,440412.9878,41.0,4.67857143,Cluster 2,0.2908863690759658,0.07054682715182231,0.1589608593014825,0.2114417540788905,-0.08793819289879479
119,130,Kintamani,PR0827,Yucabin,6,Guesthouse,UN3057,Cabin 2 (BELLEZA),Cabin,1.0,1.0,1.0,1.0,1.0,1.0,1.0,0.0,0.0,1.0,1,497250.491053,28.0,4.61904762,Cluster 2,0.2944052651934873,0.06953010727484049,0.15920121153320876,0.2090019683007333,-0.0868530172162934
120,131,Kintamani,PR0827,Yucabin,6,Guesthouse,UN3058,Cabin 3 (CORAZON),Cabin,1.0,1.0,1.0,1.0,1.0,1.0,1.0,0.0,0.0,1.0,1,747656.789333,14.0,3.57142857,Cluster 2,0.34503310873531695,0.05575552130907992,0.1599366370866981,0.15605067560773495,-0.06646512424517999
121,132,Kintamani,PR0827,Yucabin,6,Guesthouse,UN3059,Cabin 4 (DESEO),Cabin,1.0,1.0,1.0,1.0,1.0,1.0,1.0,0.0,0.0,1.0,1,652222.535,12.0,4.57142857,Cluster 2,0.2974291432589205,0.06885812425122526,0.15895119278034173,0.20765659927379207,-0.08543789151458625
122,134,Kintamani,PR0827,Yucabin,6,Guesthouse,UN3061,Cabin 6 (TRANQUILLO),Cabin,1.0,1.0,1.0,1.0,1.0,1.0,1.0,0.0,0.0,1.0,1,405158.845714,5.0,4.85714286,Cluster 2,0.2804837484615792,0.07384851861129235,0.15756179616946694,0.21926648612533156,-0.09037416022655087
123,135,Kutuh,PR0778,Villa Arjuna 17,2,Villa,UN2966,Entire Villa,Villa Arjuna 17,2.0,2.0,2.0,1.0,0.0,1.0,1.0,0.0,0.0,0.0,1,894656.811715,59.0,4.29714286,Cluster 3,-0.25225421416227845,0.2637504293735204,0.07605654209972935,0.16460077891378044,0.03429323035008523
124,136,Kutuh,PR0678,Villa Arcturus,3,Villa,UN2732,Villa 1,Villa Arcturus,3.0,3.0,3.0,1.0,1.0,1.0,1.0,1.0,0.0,1.0,1,1086256.182973,86.0,4.51503759,Cluster 2,0.24693451308482997,-0.16711482319685403,-0.06580365305014681,0.11580899266957173,0.05425112892065229
125,137,Mengwi,PR0791,Suksma Guesthouse,10,Guesthouse,UN3006,Room 9,Loft second floor,1.0,1.0,1.0,1.0,1.0,1.0,1.0,1.0,0.0,1.0,1,796582.55,24.0,4.80952381,Cluster 2,0.22291868786040778,-0.18919993738170118,-0.030365276323362847,0.04742345237318023,-0.027744875154852026
126,138,Mengwi,PR0791,Suksma Guesthouse,10,Guesthouse,UN3007,Room 10,Loft second floor,1.0,1.0,1.0,1.0,1.0,1.0,1.0,1.0,0.0,1.0,1,804052.046948,30.0,4.72527473,Cluster 2,0.226825484770736,-0.19244689898417977,-0.031158386888622606,0.04272162291018842,-0.026232628746832548
127,139,Mengwi,PR0791,Suksma Guesthouse,10,Guesthouse,UN3008,Room 11,Loft second floor,1.0,1.0,1.0,1.0,1.0,1.0,1.0,1.0,0.0,1.0,1,765943.985981,29.0,4.92207792,Cluster 2,0.21762400295166137,-0.18471163508624677,-0.029219179482827054,0.053555146578303445,-0.029804946494001863
128,140,Mengwi,PR0791,Suksma Guesthouse,10,Guesthouse,UN3009,Room 12,Loft second floor,1.0,1.0,1.0,1.0,1.0,1.0,1.0,1.0,0.0,1.0,1,753316.335052,30.0,4.94642857,Cluster 2,0.21646298248924917,-0.18372423658519568,-0.02894987686310896,0.05484256075448187,-0.03026817274387787
129,141,Mengwi,PR0791,Suksma Guesthouse,10,Guesthouse,UN3010,Room 7,Regular second floor,1.0,1.0,1.0,1.0,1.0,1.0,1.0,1.0,0.0,1.0,1,566693.691228,53.0,4.55102041,Cluster 2,0.23428825342342738,-0.1991380033555496,-0.0319392042651819,0.03152394598193165,-0.0241007969801584
130,142,Mengwi,PR0791,Suksma Guesthouse,10,Guesthouse,UN3011,Room 8,Regular second floor,1.0,1.0,1.0,1.0,1.0,1.0,1.0,1.0,0.0,1.0,1,531374.054167,41.0,4.80357143,Cluster 2,0.22265694521089166,-0.18982408088902153,-0.02959068844463107,0.04562858649093157,-0.028757791750453742
131,143,Mengwi,PR0791,Suksma Guesthouse,10,Guesthouse,UN3012,Room 1,Regular first floor,1.0,1.0,1.0,1.0,1.0,1.0,1.0,1.0,0.0,1.0,1,512038.255102,49.0,4.85714286,Cluster 2,0.22013007016131503,-0.18771461114689128,-0.029036388165823806,0.04853800358748919,-0.02976136838167963
132,144,Mengwi,PR0791,Suksma Guesthouse,10,Guesthouse,UN3013,Room 2,Regular first floor,1.0,1.0,1.0,1.0,1.0,1.0,1.0,1.0,0.0,1.0,1,539118.4,32.0,4.82142857,Cluster 2,0.22184578847590636,-0.18910837130998331,-0.029451325168082108,0.04667656538048716,-0.02903421050520833
133,145,Mengwi,PR0791,Suksma Guesthouse,10,Guesthouse,UN3014,Room 4,Regular first floor,1.0,1.0,1.0,1.0,1.0,1.0,1.0,1.0,0.0,1.0,1,510088.308,36.0,4.95535714,Cluster 2,0.21555039402305717,-0.1836891435487786,-0.028111979825039317,0.0540250955350761,-0.031428400199940316
134,146,Mengwi,PR0791,Suksma Guesthouse,10,Guesthouse,UN3015,Room 5,Regular first floor,1.0,1.0,1.0,1.0,1.0,1.0,1.0,1.0,0.0,1.0,1,526142.858974,38.0,4.87301587,Cluster 2,0.21942206275609538,-0.18705620805506895,-0.028933556588676718,0.04950551632481227,-0.029973406672466674
135,147,Nusa Ceningan,PR0782,Bong Hostel,50,Hostel,UN2944,Bong - Private Cabin,PRIVATE,1.0,1.0,1.0,1.0,0.0,1.0,1.0,1.0,0.0,1.0,1,347889.678676,95.0,4.68979592,Cluster 2,-0.07425936093356518,-0.28165138746510515,0.16193642190452498,-0.013345737893382245,-0.042156251199641365
136,148,Nusa Ceningan,PR0782,Bong Hostel,50,Hostel,UN2954,BONG C1,BOX C (KAPSUL),1.0,1.0,1.0,1.0,0.0,1.0,1.0,1.0,0.0,1.0,1,325190.460443,103.0,4.88571429,Cluster 2,-0.07846612929520232,-0.2711967776675292,0.16028401517385968,-0.0004041059907785975,-0.045606465827475684
137,149,Nusa Ceningan,PR0782,Bong Hostel,50,Hostel,UN2955,BONG C2,BOX C (KAPSUL),1.0,1.0,1.0,1.0,0.0,1.0,1.0,1.0,0.0,1.0,1,361009.648276,68.0,4.47619048,Cluster 2,-0.06913668476723142,-0.2919384629764615,0.1634064607387658,-0.027523310902083882,-0.038196479528248464
138,150,Nusa Ceningan,PR0782,Bong Hostel,50,Hostel,UN2956,BONG C3,BOX C (KAPSUL),1.0,1.0,1.0,1.0,0.0,1.0,1.0,1.0,0.0,1.0,1,376899.724138,48.0,4.39285714,Cluster 2,-0.06694893624306457,-0.2955634040497269,0.1638213361156538,-0.03295030036296047,-0.036534805785701556
139,151,Nusa Ceningan,PR0782,Bong Hostel,50,Hostel,UN2957,BONG C4,BOX C (KAPSUL),1.0,1.0,1.0,1.0,0.0,1.0,1.0,1.0,0.0,1.0,1,412095.494382,43.0,4.9047619,Cluster 2,-0.07862227872763315,-0.27003580441153535,0.15979537973808772,0.0013625976511080643,-0.04553061788987868
140,152,Nusa Ceningan,PR0782,Bong Hostel,50,Hostel,UN2958,BONG C5,BOX C (KAPSUL),1.0,1.0,1.0,1.0,0.0,1.0,1.0,1.0,0.0,1.0,1,476570.266667,32.0,5.0,Cluster 2,-0.08027812429803138,-0.2645385650617741,0.15861638654952856,0.008033195052040186,-0.046782119291123185
141,155,Nusa Ceningan,PR0782,Bong Hostel,50,Hostel,UN2961,BONG C8,BOX C (KAPSUL),1.0,1.0,1.0,1.0,0.0,1.0,1.0,1.0,0.0,1.0,1,609445.72093,20.0,4.85714286,Cluster 2,-0.07714879217441883,-0.27239353111705983,0.1595352814573273,-0.000637754833874944,-0.04384888086626837
142,156,Nusa Ceningan,PR0782,Bong Hostel,50,Hostel,UN2967,BONG - DORM (BUNK BEDS) 1,DORM (BUNK BEDS),1.0,1.0,2.0,1.0,0.0,1.0,1.0,1.0,0.0,1.0,1,392595.433333,54.0,4.66666667,Cluster 2,-0.07038332653073921,-0.27555089371698505,0.15620280918397242,-0.0011569828946057783,-0.02873688495989506
143,157,Nusa Ceningan,PR0782,Bong Hostel,50,Hostel,UN2968,BONG A 1,BOX A & B (KAPSUL),1.0,1.0,1.0,1.0,0.0,1.0,1.0,1.0,0.0,1.0,1,264206.738,115.0,4.94505495,Cluster 2,-0.07977854664556448,-0.26792074514539965,0.15991340449381025,0.0031876797545678267,-0.046846573332930276
144,158,Nusa Ceningan,PR0782,Bong Hostel,50,Hostel,UN2969,BONG A 2,BOX A & B (KAPSUL),1.0,1.0,1.0,1.0,0.0,1.0,1.0,1.0,0.0,1.0,1,285000.543011,80.0,4.92857143,Cluster 2,-0.07940921107267304,-0.26883472536244546,0.16000597896510108,0.0022126339191892463,-0.04648746093487825
145,159,Nusa Ceningan,PR0782,Bong Hostel,50,Hostel,UN2970,BONG A 3,BOX A & B (KAPSUL),1.0,1.0,1.0,1.0,0.0,1.0,1.0,1.0,0.0,1.0,1,289070.039735,69.0,4.93877551,Cluster 2,-0.07959619103667129,-0.26825383293908245,0.1598906567529063,0.002912530415217268,-0.046634667230567584
146,160,Nusa Ceningan,PR0782,Bong Hostel,50,Hostel,UN2971,BONG A 4,BOX A & B (KAPSUL),1.0,1.0,1.0,1.0,0.0,1.0,1.0,1.0,0.0,1.0,1,308883.286885,56.0,5.0,Cluster 2,-0.0807027138903933,-0.2647331849733443,0.15920067152485018,0.007074689887607751,-0.04752595547718054
147,161,Nusa Ceningan,PR0782,Bong Hostel,50,Hostel,UN2972,BONG A 5,BOX A & B (KAPSUL),1.0,1.0,1.0,1.0,0.0,1.0,1.0,1.0,0.0,1.0,1,368038.019608,47.0,5.0,Cluster 2,-0.08055474544840964,-0.2646712404940213,0.1589964706501152,0.007410707588125576,-0.04726408508689647
148,162,Nusa Ceningan,PR0782,Bong Hostel,50,Hostel,UN2973,BONG A 6,BOX A & B (KAPSUL),1.0,1.0,1.0,1.0,0.0,1.0,1.0,1.0,0.0,1.0,1,394121.703704,38.0,4.9047619,Cluster 2,-0.07866836827376056,-0.2700573987187248,0.1598588065035564,0.0012585605991226312,-0.045611204177499025
149,163,Nusa Ceningan,PR0782,Bong Hostel,50,Hostel,UN2974,BONG A 7,BOX A & B (KAPSUL),1.0,1.0,1.0,1.0,0.0,1.0,1.0,1.0,0.0,1.0,1,515148.38,28.0,5.0,Cluster 2,-0.08017820278514871,-0.26448547760290425,0.1584796002891781,0.008256311783738994,-0.046610345218050436
150,164,Nusa Ceningan,PR0782,Bong Hostel,50,Hostel,UN2975,BONG A 8,BOX A & B (KAPSUL),1.0,1.0,1.0,1.0,0.0,1.0,1.0,1.0,0.0,1.0,1,579947.7,21.0,5.0,Cluster 2,-0.08000849134894483,-0.2643893179289336,0.1582478661559994,0.008633244663917572,-0.046321292255088034
151,165,Nusa Ceningan,PR0782,Bong Hostel,50,Hostel,UN2976,BONG A 9,BOX A & B (KAPSUL),1.0,1.0,1.0,1.0,0.0,1.0,1.0,1.0,0.0,1.0,1,613934.884615,12.0,4.57142857,Cluster 2,-0.07079735625884455,-0.2871362021515384,0.1618446611778365,-0.019643219394197976,-0.038792773228147455
152,166,Nusa Ceningan,PR0782,Bong Hostel,50,Hostel,UN2977,BONG A 10,BOX A & B (KAPSUL),1.0,1.0,1.0,1.0,0.0,1.0,1.0,1.0,0.0,1.0,1,603004.903226,16.0,5.0,Cluster 2,-0.07994753881430323,-0.26435298997986445,0.15816481435471694,0.008768017943633438,-0.04621828382819686
153,167,Nusa Ceningan,PR0782,Bong Hostel,50,Hostel,UN2978,BONG B 1,BOX A & B (KAPSUL),1.0,1.0,1.0,1.0,0.0,1.0,1.0,1.0,0.0,1.0,1,466905.36,15.0,4.9047619,Cluster 2,-0.07848060143424439,-0.26996564644766097,0.15960074322006518,0.0016812450726935322,-0.04528455776934706
154,168,Nusa Ceningan,PR0782,Bong Hostel,50,Hostel,UN2979,BONG B 2,BOX A & B (KAPSUL),1.0,1.0,1.0,1.0,0.0,1.0,1.0,1.0,0.0,1.0,1,462641.130435,10.0,4.85714286,Cluster 2,-0.07753814490527663,-0.2726140655775072,0.1600681084130168,-0.0015061486259711062,-0.04451334792747887
155,169,Nusa Ceningan,PR0782,Bong Hostel,50,Hostel,UN2980,BONG B 3,BOX A & B (KAPSUL),1.0,1.0,1.0,1.0,0.0,1.0,1.0,1.0,0.0,1.0,1,652015.733333,9.0,4.71428571,Cluster 2,-0.07399352131711315,-0.27994666240523214,0.1606226633969027,-0.009887463366168647,-0.041193095266021704
156,170,Nusa Ceningan,PR0782,Bong Hostel,50,Hostel,UN2981,BONG B 4,BOX A & B (KAPSUL),1.0,1.0,1.0,1.0,0.0,1.0,1.0,1.0,0.0,1.0,1,634707.083333,7.0,4.71428571,Cluster 2,-0.07404110077616553,-0.27997761802392457,0.16068764054510562,-0.009993029678774365,-0.041272776134009904
157,171,Nusa Ceningan,PR0782,Bong Hostel,50,Hostel,UN2982,BONG B 5,BOX A & B (KAPSUL),1.0,1.0,1.0,1.0,0.0,1.0,1.0,1.0,0.0,1.0,1,795794.769231,7.0,4.71428571,Cluster 2,-0.0735918373179668,-0.27966307741301477,0.1600756378030341,-0.009001717054315754,-0.04052968993244299
158,172,Nusa Ceningan,PR0782,Bong Hostel,50,Hostel,UN2983,BONG B 6,BOX A & B (KAPSUL),1.0,1.0,1.0,1.0,0.0,1.0,1.0,1.0,0.0,1.0,1,1010573.75,5.0,4.71428571,Cluster 2,-0.07297058437997994,-0.27915184305139795,0.15923461291271326,-0.007649712120556176,-0.03953398987744612
159,173,Nusa Ceningan,PR0782,Bong Hostel,50,Hostel,UN2984,BONG B 7,BOX A & B (KAPSUL),1.0,1.0,1.0,1.0,0.0,1.0,1.0,1.0,0.0,1.0,1,1033087.0,5.0,4.71428571,Cluster 2,-0.0729040105999192,-0.27909220305206073,0.15914482361752136,-0.007506027840486872,-0.039429318223846564
160,174,Nusa Ceningan,PR0782,Bong Hostel,50,Hostel,UN2985,BONG B 8,BOX A & B (KAPSUL),1.0,1.0,1.0,1.0,0.0,1.0,1.0,1.0,0.0,1.0,1,844116.0,4.0,4.71428571,Cluster 2,-0.07345426940629536,-0.27955719182696787,0.15988889886366306,-0.00870052930834943,-0.04030614854249896
161,175,Nusa Ceningan,PR0782,Bong Hostel,50,Hostel,UN2986,BONG B 9,BOX A & B (KAPSUL),1.0,1.0,1.0,1.0,0.0,1.0,1.0,1.0,0.0,1.0,1,472423.0,5.0,4.71428571,Cluster 2,-0.07447900799321744,-0.2802344977569846,0.16128760651834412,-0.010971540875024704,-0.04201784059494467
162,176,Nusa Ceningan,PR0782,Bong Hostel,50,Hostel,UN2987,BONG B 10,BOX A & B (KAPSUL),1.0,1.0,1.0,1.0,0.0,1.0,1.0,1.0,0.0,1.0,1,595588.583333,6.0,4.9047619,Cluster 2,-0.07814131142469952,-0.2697754572034924,0.1591365901567152,0.0024375478126156752,-0.04470502624509258
163,177,Nusa Ceningan,PR0782,Bong Hostel,50,Hostel,UN3001,BONG - DORM (BUNK BEDS) 2,DORM (BUNK BEDS),1.0,1.0,2.0,1.0,0.0,1.0,1.0,1.0,0.0,1.0,1,579596.384615,8.0,4.92857143,Cluster 2,-0.07547800079146146,-0.2616830444523128,0.1534178796863339,0.016822205053581337,-0.03266621870773033
164,180,Nusa Dua,PR0715,THE MIRACLE VILLA,2,Villa,UN2806,Unit 1,Miracle Villa,2.0,2.0,2.0,1.0,1.0,1.0,1.0,1.0,0.0,0.0,1,1203837.952963,91.0,4.44081633,Cluster 2,0.07536610030761372,0.018184764413508216,-0.30759521927218275,0.012982506103024736,0.12389186576930875
165,181,Nusa Dua,PR0196,NDBV Lot 6,3,Villa,UN0672,Lot 6,NDBV Lot 6,3.0,3.0,3.0,1.0,1.0,1.0,1.0,1.0,0.0,0.0,1,5860486.480938,149.0,4.7071221,Cluster 2,0.08509219418033086,0.04970505581970086,-0.29548886914055933,0.09825845511674296,0.16485962167698065
166,182,Nusa Dua,PR0242,NDBV Lot 3,3,Villa,UN0671,Lot 3,NDBV Lot 3,3.0,4.0,3.0,1.0,1.0,1.0,1.0,1.0,0.0,1.0,1,6143933.047035,51.0,4.72011662,Cluster 2,0.2381725113148883,-0.11964040374715587,-0.059989636346400095,0.13857514551046465,0.11091093770365357
167,183,Nusa Penida,PR0554,Villa Olala Penida Sea View,13,Resort,UN2566,Room 1,Standard,1.0,1.0,1.0,1.0,0.0,1.0,1.0,0.0,0.0,0.0,1,415502.489335,137.0,4.42285714,Cluster 3,-0.2720114578576972,0.2718092527529049,0.13194927026883776,0.06976029951900056,0.03974380470633124
168,184,Nusa Penida,PR0554,Villa Olala Penida Sea View,13,Resort,UN2735,Room 2,Standard,1.0,1.0,1.0,1.0,0.0,1.0,1.0,0.0,0.0,0.0,1,849801.317111,151.0,4.32527472,Cluster 3,-0.2693939757160536,0.2722153021216291,0.13041577066288024,0.06582219250744024,0.045301384651726964
169,185,Nusa Penida,PR0554,Villa Olala Penida Sea View,13,Resort,UN2736,Room 3,Standard,1.0,1.0,1.0,1.0,0.0,1.0,1.0,0.0,0.0,0.0,1,897496.198168,115.0,4.4503632,Cluster 3,-0.27016804828482255,0.27221941765381846,0.12949356867835016,0.07543679809019777,0.04155828781441797
170,186,Nusa Penida,PR0554,Villa Olala Penida Sea View,13,Resort,UN2740,Room 7,Ocean View,1.0,1.0,1.0,1.0,0.0,1.0,1.0,0.0,0.0,0.0,1,798408.018258,168.0,4.25249169,Cluster 3,-0.26875979063768257,0.27211500900120006,0.13098933266887475,0.05999906557331642,0.04734296717670958
171,187,Nusa Penida,PR0554,Villa Olala Penida Sea View,13,Resort,UN2741,Room 8,Ocean View,1.0,1.0,1.0,1.0,0.0,1.0,1.0,0.0,0.0,0.0,1,869908.605427,143.0,4.39285714,Cluster 3,-0.2699160309116018,0.27223400729038744,0.1299662523861151,0.07098722973679981,0.04324777643887765
172,188,Nusa Penida,PR0554,Villa Olala Penida Sea View,13,Resort,UN2742,Room 9,Ocean View,1.0,1.0,1.0,1.0,0.0,1.0,1.0,0.0,0.0,0.0,1,585261.670938,92.0,4.30541872,Cluster 3,-0.27033760806324203,0.2719774647227087,0.1317962887614355,0.06229629414228457,0.0444506663988154
173,189,Nusa Penida,PR0554,Villa Olala Penida Sea View,13,Resort,UN2820,Room 10,Ocean View,1.0,1.0,1.0,1.0,0.0,1.0,1.0,0.0,0.0,0.0,1,646500.489016,88.0,4.63354037,Cluster 3,-0.27164608435505155,0.2716907744344995,0.1293809076540079,0.08687343863077022,0.03437035849959395
174,190,Nusa Penida,PR0554,Villa Olala Penida Sea View,13,Resort,UN3034,Room 5,Standard,1.0,1.0,1.0,1.0,0.0,1.0,1.0,0.0,0.0,0.0,1,891497.7,18.0,4.64285714,Cluster 3,-0.27058092292300295,0.27186348499093704,0.12815601153583175,0.08934775715962719,0.035406596931484985
175,191,Nusa Penida,PR0554,Villa Olala Penida Sea View,13,Resort,UN3035,Room 4,Standard (Extra Bed Available),1.0,1.0,1.0,1.0,0.0,1.0,1.0,0.0,0.0,0.0,1,927270.298077,54.0,3.61904762,Cluster 3,-0.2505369248556673,0.2689742662063647,0.13005295655656796,0.014782352868644391,0.0673508006394071
176,192,Nusa Penida,PR0554,Villa Olala Penida Sea View,13,Resort,UN3036,Room 6,Standard (Extra Bed Available),1.0,1.0,1.0,1.0,0.0,1.0,1.0,0.0,0.0,0.0,1,717953.421053,31.0,4.44897959,Cluster 3,-0.2709722930388743,0.272078900765491,0.1303730609967505,0.07396452820659015,0.04061298220661265
177,193,Nusa Penida,PR0554,Villa Olala Penida Sea View,13,Resort,UN3039,Room 11,Wooden,1.0,1.0,1.0,1.0,0.0,1.0,1.0,0.0,0.0,0.0,1,319463.893939,26.0,4.58241758,Cluster 3,-0.2728638550896804,0.2714865242126125,0.13126151679010117,0.0807930389220097,0.03415958089897837
178,194,Nusa Penida,PR0728,Sekar Penida Cottages,2,Villa,UN2794,Cottage 1,Cottage,1.0,1.0,1.0,1.0,0.0,1.0,1.0,0.0,1.0,1.0,1,567192.944545,193.0,4.77008929,Cluster 2,0.053814387161516,0.16248347494421578,0.3892908201477326,-0.12983649453557075,-0.25604206893152714
179,195,Nusa Penida,PR0728,Sekar Penida Cottages,2,Villa,UN2795,Cottage 2,Cottage,1.0,1.0,1.0,1.0,0.0,1.0,1.0,0.0,1.0,1.0,1,548087.776298,153.0,4.83727531,Cluster 2,0.05149521194302582,0.1631008543535252,0.38725081035570535,-0.12469496367560842,-0.25585051579404106
180,197,Nusa Penida,PR0398,Warisan Homestay Nusa Penida,4,Guesthouse,UN2124,Room 1,Room,1.0,1.0,1.0,1.0,0.0,1.0,1.0,0.0,1.0,0.0,1,600208.503586,252.0,4.45781777,Cluster 4,-0.14730673607472997,0.41227296214762554,0.1368628663362473,-0.21542691498135833,-0.2072310424831979
181,198,Nusa Penida,PR0398,Warisan Homestay Nusa Penida,4,Guesthouse,UN2125,Room 2,Room,1.0,1.0,1.0,1.0,0.0,1.0,1.0,0.0,1.0,0.0,1,667501.277136,229.0,4.44023324,Cluster 4,-0.1467376358430926,0.4125296594863854,0.13666943258714928,-0.2165353471638276,-0.20677070324559554
182,199,Nusa Penida,PR0398,Warisan Homestay Nusa Penida,4,Guesthouse,UN2126,Room 3,Room,1.0,1.0,1.0,1.0,1.0,1.0,1.0,0.0,1.0,0.0,1,680970.732423,219.0,4.52813853,Cluster 5,0.18879924451784352,0.45132499585044017,-0.06540267446964705,-0.14309509218581615,-0.16112583455958762
183,200,Nusa Penida,PR0398,Warisan Homestay Nusa Penida,4,Guesthouse,UN2127,Room 4,Room,1.0,1.0,1.0,1.0,0.0,1.0,1.0,0.0,1.0,0.0,1,471192.524167,104.0,4.68045113,Cluster 4,-0.151555631882114,0.40888520170891923,0.13603530616500994,-0.1956226617375077,-0.20851192856153664
184,201,Nusa Penida,PR0553,Putra Bali Villa,4,Guesthouse,UN2872,Entire,Entire,4.0,4.0,4.0,1.0,0.0,1.0,1.0,1.0,1.0,1.0,1,1528069.492618,203.0,4.71428571,Cluster 2,0.04726783474672544,-0.06296486622047398,0.11508310346810517,-0.1177478014837343,-0.06331146050894533
185,202,Nusa Penida,PR0366,Kinton Guesthouse,5,Guesthouse,UN1970,Room 1,Room,1.0,1.0,1.0,1.0,0.0,1.0,1.0,0.0,0.0,0.0,1,457082.208377,113.0,4.75296517,Cluster 3,-0.2719697082843325,0.27114284089310975,0.1292024263620744,0.09400644908798846,0.029620754894153205
186,203,Nusa Penida,PR0366,Kinton Guesthouse,5,Guesthouse,UN1974,Room 2,Room,1.0,1.0,1.0,1.0,0.0,1.0,1.0,0.0,1.0,0.0,1,501571.17183,94.0,4.77732854,Cluster 4,-0.15281909640286992,0.40721348976660826,0.13520047602311105,-0.1862319155621113,-0.20833103482286375
187,204,Nusa Penida,PR0366,Kinton Guesthouse,5,Guesthouse,UN1975,Room 3,Room,1.0,1.0,1.0,1.0,0.0,1.0,1.0,0.0,1.0,0.0,1,499394.359778,90.0,4.79038112,Cluster 4,-0.15299415083961557,0.4069732729363035,0.13510763431176862,-0.18500419495545553,-0.20832738352786082
188,205,Nusa Penida,PR0366,Kinton Guesthouse,5,Guesthouse,UN1976,Room 4,Room,1.0,1.0,1.0,1.0,0.0,1.0,1.0,0.0,1.0,0.0,1,520975.8774,75.0,4.72104247,Cluster 4,-0.15199542646669942,0.4082277386016203,0.13554674588909207,-0.1914448135908419,-0.2082616437561424
189,206,Nusa Penida,PR0366,Kinton Guesthouse,5,Guesthouse,UN1977,Room 5,Room,1.0,1.0,1.0,1.0,0.0,1.0,1.0,0.0,1.0,0.0,1,553097.881314,66.0,4.63877982,Cluster 4,-0.15066416857223186,0.4096242648531654,0.13599255172287586,-0.19898548096895635,-0.20803962707655413
190,207,Nusa Penida,PR0603,Madeira inn villa,4,Guesthouse,UN2642,Inn 1,Single Room,1.0,1.0,1.0,1.0,0.0,1.0,1.0,0.0,0.0,0.0,1,1043219.320545,169.0,4.46004843,Cluster 3,-0.26950551448135396,0.27230904753115576,0.1287102918507397,0.07727013127898491,0.042040123752222165
191,208,Nusa Penida,PR0603,Madeira inn villa,4,Guesthouse,UN2643,Inn 2,Single Room,1.0,1.0,1.0,1.0,0.0,1.0,1.0,0.0,0.0,0.0,1,1227830.164351,142.0,4.45535714,Cluster 3,-0.26850293611658876,0.2724181285692457,0.12780073770704364,0.07836444866312423,0.043179150622298476
192,209,Nusa Penida,PR0603,Madeira inn villa,4,Guesthouse,UN2644,Inn 3,Single Room,1.0,1.0,1.0,1.0,0.0,1.0,1.0,0.0,0.0,0.0,1,1259222.763083,135.0,4.41736695,Cluster 3,-0.268087061406954,0.2724624908248556,0.12785753913737893,0.07583572192975135,0.044566658178063004
193,210,Nusa Penida,PR0603,Madeira inn villa,4,Guesthouse,UN2645,Inn 4,Single Room,1.0,1.0,1.0,1.0,0.0,1.0,1.0,0.0,0.0,0.0,1,1261896.04544,131.0,4.41208791,Cluster 3,-0.2680340243357179,0.27246661986150283,0.1278728324611253,0.07547041106764969,0.04475060672131469
194,211,Nusa Penida,PR0781,Penida Memories,4,Guesthouse,UN2937,Penida Memories - Double 1,Double,1.0,1.0,1.0,1.0,1.0,1.0,1.0,0.0,1.0,1.0,1,756573.495042,102.0,4.591133,Cluster 2,0.3529501551236064,0.2184279346970718,0.18964705920586883,-0.09017959989787025,-0.2110019775616235
195,212,Nusa Penida,PR0781,Penida Memories,4,Guesthouse,UN2938,Penida Memories - Double 2,Double,1.0,1.0,1.0,1.0,1.0,1.0,1.0,0.0,1.0,1.0,1,814711.439906,95.0,4.49206349,Cluster 2,0.3582919595274386,0.21802789083259766,0.1901492086904117,-0.096261732639407,-0.2102237634305128
196,213,Nusa Penida,PR0781,Penida Memories,4,Guesthouse,UN2939,Penida Memories - Twin 1,Twin,1.0,1.0,2.0,1.0,1.0,1.0,1.0,0.0,1.0,1.0,1,888501.941311,81.0,4.32330827,Cluster 2,0.3660228413202542,0.2192954279971496,0.18526223231032943,-0.09316723426686989,-0.1951589676895055
197,214,Nusa Penida,PR0781,Penida Memories,4,Guesthouse,UN2940,Penida Memories - Double 3,Double,1.0,1.0,1.0,1.0,1.0,1.0,1.0,0.0,1.0,1.0,1,843941.885657,89.0,4.46285714,Cluster 2,0.35985828199847464,0.21791411301120756,0.1902330522539365,-0.09796517196703898,-0.20990883187066325
198,215,Nusa Penida,PR0427,Merta Beach Bungalow,4,Guesthouse,UN2255,Bungalow 1,Bungalow (Non Allocation),1.0,1.0,1.0,1.0,1.0,1.0,1.0,0.0,1.0,0.0,1,319730.38824,119.0,4.68650794,Cluster 5,0.1806956663620845,0.448621650479512,-0.06219402098473049,-0.13318990571164832,-0.1640100719236399
199,216,Nusa Penida,PR0427,Merta Beach Bungalow,4,Guesthouse,UN2256,Bungalow 2,Bungalow (Allocation),1.0,1.0,1.0,1.0,1.0,1.0,1.0,0.0,1.0,0.0,1,610098.819833,153.0,4.51648352,Cluster 5,0.18916814441029844,0.45146037324864813,-0.06530523682563594,-0.1444322605203698,-0.1613717874774888
200,217,Nusa Penida,PR0427,Merta Beach Bungalow,4,Guesthouse,UN2257,Bungalow 3,Bungalow (Allocation),1.0,1.0,1.0,1.0,1.0,1.0,1.0,0.0,1.0,0.0,1,767821.232267,212.0,4.71052632,Cluster 5,0.18063497912523702,0.4484567433044093,-0.06339101331039057,-0.12857777232838208,-0.16204133614168417
201,218,Nusa Penida,PR0427,Merta Beach Bungalow,4,Guesthouse,UN2260,Bungalow 4,Bungalow (Allocation),1.0,1.0,1.0,1.0,1.0,1.0,1.0,0.0,1.0,0.0,1,795055.069194,178.0,4.79442509,Cluster 5,0.1768269424162351,0.4469474371051275,-0.06236960411162182,-0.12190992179224219,-0.1623880962753951
202,219,Nusa Penida,PR0371,Goa Giri Hill Bungalow,4,Guesthouse,UN2001,Standard 2,Standard Double,1.0,1.0,1.0,1.0,1.0,1.0,1.0,0.0,1.0,0.0,1,582389.568198,212.0,4.64630542,Cluster 5,0.18317163194316477,0.4494702281610543,-0.06360432533089698,-0.13470180925883304,-0.16251549928190676
203,220,Nusa Penida,PR0371,Goa Giri Hill Bungalow,4,Guesthouse,UN2003,Superior 4,Superior Double,1.0,1.0,1.0,1.0,1.0,1.0,1.0,0.0,1.0,0.0,1,642592.568116,198.0,4.58415842,Cluster 5,0.18615670374630283,0.45048188659114985,-0.06458689047676008,-0.1390827470546921,-0.16176880606228494
204,221,Nusa Penida,PR0371,Goa Giri Hill Bungalow,4,Guesthouse,UN2902,Standard 1,Standard Double,1.0,1.0,1.0,1.0,1.0,1.0,1.0,0.0,1.0,0.0,1,657676.795526,167.0,4.68571429,Cluster 5,0.1815328263888037,0.4488467000123391,-0.06335099082214733,-0.13119460570686806,-0.1624183549163971
205,222,Nusa Penida,PR0371,Goa Giri Hill Bungalow,4,Guesthouse,UN2903,Superior 3,Superior Double,1.0,1.0,1.0,1.0,1.0,1.0,1.0,0.0,1.0,0.0,1,717070.006059,144.0,4.71428571,Cluster 5,0.18035062207821617,0.44837586102490007,-0.06317605889305071,-0.1286127242327528,-0.1623116034405327
206,223,Nusa Penida,PR0630,Kukuh Penida Village,6,Guesthouse,UN2659,Room 1,Room,1.0,1.0,1.0,1.0,0.0,1.0,1.0,1.0,0.0,0.0,1,664604.769267,182.0,4.31512605,Cluster 1,-0.2884900254984658,-0.07917611658983566,-0.11209523169176633,-0.1084267885820158,0.07183668344013122
207,224,Nusa Penida,PR0630,Kukuh Penida Village,6,Guesthouse,UN2660,Room 2,Room,1.0,1.0,1.0,1.0,0.0,1.0,1.0,1.0,0.0,0.0,1,704107.384611,147.0,4.50649351,Cluster 1,-0.28989240558318974,-0.07312279658113553,-0.10893589447369081,-0.09287745931348194,0.06626831009524159
208,225,Nusa Penida,PR0630,Kukuh Penida Village,6,Guesthouse,UN2661,Room 3,Room,1.0,1.0,1.0,1.0,0.0,1.0,1.0,1.0,0.0,0.0,1,746208.939,132.0,4.44947735,Cluster 1,-0.28939975730392464,-0.07490683699488897,-0.11010811174806107,-0.09716027112240967,0.0681987964295184
209,226,Nusa Penida,PR0630,Kukuh Penida Village,6,Guesthouse,UN2662,Room 4,Room,1.0,1.0,1.0,1.0,0.0,1.0,1.0,1.0,0.0,0.0,1,700847.001221,106.0,4.38461538,Cluster 1,-0.2890604054184288,-0.07702528568839952,-0.11107218337963064,-0.10266679749471157,0.06993341904038011
210,227,Nusa Penida,PR0630,Kukuh Penida Village,6,Guesthouse,UN2663,Room 7,Family,2.0,1.0,2.0,1.0,0.0,1.0,1.0,1.0,0.0,0.0,1,888006.622873,160.0,4.27799228,Cluster 1,-0.2694866689559243,-0.07131557867937387,-0.12415239734648041,-0.07890108969816371,0.110589646581639
211,228,Padang Padang,PR0363,Despacito Loft & Lounge,6,Guesthouse,UN1944,Room 5,Despacito Loft & Lounge - 5,1.0,1.0,1.0,1.0,1.0,1.0,1.0,1.0,1.0,0.0,1,1383001.869959,199.0,4.72895753,Cluster 2,0.12738587072034008,0.15540482076064538,-0.2389843258875035,-0.2579323285335206,-0.10711461469046477
212,229,Padang Padang,PR0363,Despacito Loft & Lounge,6,Guesthouse,UN1945,Room 4,Despacito Loft & Lounge - 4,1.0,1.0,1.0,1.0,1.0,1.0,0.0,1.0,1.0,0.0,1,1134474.136237,167.0,4.70267857,Cluster 2,0.1823368340234895,0.1469491505952566,-0.24616507583750602,-0.29243701309305054,-0.05896828835954345
213,230,Padang Padang,PR0363,Despacito Loft & Lounge,6,Guesthouse,UN1946,Room 1,Despacito Loft & Lounge - 1,1.0,1.0,1.0,1.0,1.0,1.0,0.0,1.0,1.0,0.0,1,1201811.46137,163.0,4.56198347,Cluster 2,0.18888905152213653,0.14551642257892117,-0.25035271442353757,-0.30463774421979417,-0.05635169234532245
214,231,Padang Padang,PR0363,Despacito Loft & Lounge,6,Guesthouse,UN1947,Room 2,Despacito Loft & Lounge - 2,1.0,1.0,1.0,1.0,1.0,1.0,0.0,1.0,1.0,0.0,1,1165449.519359,163.0,4.54683065,Cluster 2,0.18950942778108548,0.14531556647844518,-0.25068659437989566,-0.3062720327120931,-0.05626971107731874
215,232,Padang Padang,PR0363,Despacito Loft & Lounge,6,Guesthouse,UN1948,Room 3,Despacito Loft & Lounge - 3,1.0,1.0,1.0,1.0,1.0,1.0,0.0,1.0,1.0,0.0,1,1117552.504255,177.0,4.60714286,Cluster 2,0.1866739434705828,0.1459053368794364,-0.24890016053593855,-0.30124918403781364,-0.05750288180994815
216,233,Padang Padang,PR0363,Despacito Loft & Lounge,6,Guesthouse,UN1949,Room 6,Despacito Loft & Lounge - 6,1.0,1.0,1.0,1.0,1.0,1.0,1.0,1.0,1.0,0.0,1,1311434.105794,143.0,4.38474026,Cluster 2,0.14003911552587503,0.15224724267330578,-0.2468102307965467,-0.28497692261252355,-0.10319065846504946
217,234,Pecatu,PR0786,Villa Gato,3,Villa,UN2997,Villa Gato,Entire,3.0,3.0,3.0,1.0,1.0,1.0,1.0,1.0,0.0,0.0,1,2142808.684932,83.0,4.62301587,Cluster 2,0.08461931242394898,0.04727528335955062,-0.284101367249703,0.04370867892198159,0.20038348616572937
218,240,Pecatu,PR0806,Villa Anasera,1,Villa,UN3032,VIlla Anasera,Entire Villa,1.0,1.0,1.0,1.0,1.0,1.0,1.0,1.0,0.0,1.0,1,777832.518519,50.0,4.84656085,Cluster 2,0.22390328920021157,-0.1683392625951895,-0.0014902736491391921,0.0051444291747935866,0.037587548956416285
219,241,Pecatu,PR0802,Villa Shankara Pecatu,1,Villa,UN3029,Villa,Villa,1.0,1.0,1.0,1.0,1.0,1.0,1.0,1.0,0.0,1.0,1,832290.103139,80.0,4.69124424,Cluster 2,0.2310702921275855,-0.1738448121948731,-0.002679165083201172,-0.0037082990837942575,0.04134728043829338
220,242,Pererenan,PR0763,ME Villa Pererenan,1,Villa,UN2867,Villa 1,Villa,1.0,1.0,1.0,1.0,0.0,1.0,1.0,1.0,0.0,1.0,1,670545.88785,93.0,4.82312925,Cluster 2,-0.06815752627056768,-0.2504408358327654,0.18676861208917364,-0.04880463009297177,0.028370523708559154
221,243,Pererenan,PR0763,ME Villa Pererenan,1,Villa,UN2868,Villa 2,Villa,1.0,1.0,1.0,1.0,0.0,1.0,1.0,1.0,0.0,1.0,1,665129.51012,109.0,4.50793651,Cluster 2,-0.06082699257507696,-0.2650626248350721,0.1898613518424339,-0.07061350119601534,0.035914166869594644
222,244,Pererenan,PR0763,ME Villa Pererenan,1,Villa,UN2869,Villa 3,Villa,1.0,1.0,1.0,1.0,0.0,1.0,1.0,1.0,0.0,1.0,1,656772.124893,77.0,4.43609023,Cluster 2,-0.05901080975489849,-0.2680456421114806,0.19044836117892142,-0.07556410750042643,0.03761113110959619
223,245,Pererenan,PR0763,ME Villa Pererenan,1,Villa,UN2870,Villa 4,Villa,1.0,1.0,1.0,1.0,0.0,1.0,1.0,1.0,0.0,1.0,1,678691.829131,86.0,4.72268908,Cluster 2,-0.0659230389939141,-0.25533860439811223,0.18782192678398876,-0.05572380157978304,0.030804285456970223
224,246,Pererenan,PR0763,ME Villa Pererenan,1,Villa,UN2871,Villa 5,Villa,1.0,1.0,1.0,1.0,0.0,1.0,1.0,1.0,0.0,1.0,1,712390.326201,74.0,4.55462185,Cluster 2,-0.06186027548107575,-0.26296877799669505,0.18928949098099024,-0.06711878667224637,0.034996695839353206
225,247,Pererenan,PR0834,Villa Allua,3,Villa,UN3087,Villa,Villa,3.0,4.0,3.0,1.0,1.0,1.0,1.0,1.0,0.0,1.0,1,1684601.591837,17.0,4.92857143,Cluster 2,0.2325821830369534,-0.12017165000779084,-0.028597955416861002,0.09216913158570171,0.1422035124431893
226,248,Sanur,PR0837,Mimoya Stay,5,Guesthouse,UN3082,Aki,1BR Queen (Aki),1.0,1.0,1.0,1.0,1.0,1.0,1.0,1.0,0.0,1.0,1,462151.882353,25.0,4.74603175,Cluster 2,0.22849220983171473,-0.16396607583770081,0.010132850733282722,-0.019583196686893487,0.064520151159446
227,249,Sanur,PR0837,Mimoya Stay,5,Guesthouse,UN3083,Haru,1BR Queen Pool View (Haru),1.0,1.0,1.0,1.0,1.0,1.0,1.0,1.0,0.0,1.0,1,727848.12963,13.0,4.91836735,Cluster 2,0.22123231921128428,-0.15745727024340977,0.010258740346304626,-0.007825338535909668,0.06133035701576929
228,250,Sanur,PR0837,Mimoya Stay,5,Guesthouse,UN3084,Natsu,1BR Queen (Natsu),1.0,1.0,1.0,1.0,1.0,1.0,1.0,1.0,0.0,1.0,1,476289.227273,30.0,4.86813187,Cluster 2,0.22300763396214754,-0.15962072557879675,0.010760371071394126,-0.012186089853647383,0.061573259444374626
229,251,Sanur,PR0837,Mimoya Stay,5,Guesthouse,UN3085,Mimo,1BR Queen (Mimo),1.0,1.0,1.0,1.0,1.0,1.0,1.0,1.0,0.0,1.0,1,681100.606557,18.0,4.96825397,Cluster 2,0.2188677457978038,-0.1556602146199251,0.010681520900761,-0.0050990292327133865,0.05991651577330558
230,252,Sanur,PR0837,Mimoya Stay,5,Guesthouse,UN3086,Sendai,1BR Twin (Sendai),1.0,1.0,2.0,1.0,1.0,1.0,1.0,1.0,0.0,1.0,1,568664.155556,20.0,4.87142857,Cluster 2,0.22342834701243194,-0.154416858467645,0.006714319665826605,0.00031692758074266836,0.07240397221324715
231,253,Seminyak,PR0824,Bhadra Villa,3,Villa,UN3053,Bhadra Villa,Entire Villa,3.0,3.0,3.0,1.0,1.0,1.0,1.0,1.0,0.0,1.0,1,1958778.163934,30.0,4.77380952,Cluster 2,0.2409859762173299,-0.12496758353295219,-0.016573420198270492,0.05597368949517949,0.1605994801069846
232,254,Singaraja,PR0773,Four Monkeys House,4,House,UN2914,Villa,Full House,2.0,3.0,2.0,1.0,1.0,0.0,1.0,0.0,0.0,1.0,1,1015387.122917,140.0,4.75,Cluster 2,0.41123516416560757,0.12637440963944804,0.20240806975273204,0.238653782439213,0.17169122965953187
233,255,Singaraja,PR0773,Four Monkeys House,4,House,UN2916,Wooden 1,Wooden House,1.0,1.0,1.0,1.0,0.0,0.0,0.0,0.0,0.0,1.0,1,497334.152327,146.0,4.59523809,Cluster 2,0.1624507485939203,-0.0008751600927615366,0.5743051925123361,0.14241948827323475,0.1902121811765318
234,256,Singaraja,PR0773,Four Monkeys House,4,House,UN2917,Wooden 2,Wooden House,1.0,1.0,1.0,1.0,0.0,0.0,0.0,0.0,0.0,1.0,1,555998.083391,101.0,4.67346939,Cluster 2,0.15762440914679318,0.0023355951350022748,0.5675551276365888,0.1483703524163952,0.18585601008334593
235,257,Tabanan,PR0774,Lero Jungle House,2,Villa,UN2908,Lero Jungle House,Villa,2.0,2.0,2.0,1.0,1.0,1.0,1.0,1.0,0.0,1.0,1,1335805.849657,112.0,4.60952381,Cluster 2,0.2439013391611983,-0.14070151469530356,0.008507800720624304,-0.010041427137098243,0.15053163701694433
236,258,Ubud,PR0597,Pondok Nini Joglo,1,Villa,UN2619,Villa 1,1BR Villa,1.0,1.0,1.0,1.0,1.0,1.0,1.0,0.0,0.0,0.0,1,535363.402789,135.0,4.44210526,Cluster 2,0.12508485464955024,0.3480708217283183,-0.0349096325560656,0.03251322077106561,0.1855398435633597
237,259,Ubud,PR0788,Pondok Nini Luxury,2,Villa,UN2990,Pondok Nini Luxury,Entire ,2.0,1.0,2.0,1.0,1.0,1.0,1.0,1.0,0.0,1.0,1,1611228.433898,85.0,4.77777778,Cluster 2,0.236249957837905,-0.13671221045490126,0.018205951974577052,-0.021289039694791092,0.14631765048868411
238,260,Ubud,PR0829,Meli Villa,2,Villa,UN3054,Villa 1,Villa 2BR,2.0,2.0,2.0,1.0,1.0,1.0,1.0,1.0,0.0,1.0,1,1004319.015038,47.0,4.92,Cluster 2,0.22996201074671074,-0.12764834876542785,0.016452933502420466,-0.0024201924278931023,0.15192791135325626
239,261,Ubud,PR0829,Meli Villa,2,Villa,UN3055,Villa 2,Villa 1BR,1.0,1.0,1.0,1.0,1.0,1.0,1.0,1.0,0.0,1.0,1,684571.8,48.0,4.8961039,Cluster 2,0.22293575296449297,-0.14107778308997293,0.03201484766274742,-0.0418254963655035,0.11132728985564075
240,262,Ubud,PR0453,Pondok Nini Ubud,1,Villa,UN2320,Entire,Entire House,1.0,1.0,1.0,1.0,1.0,1.0,1.0,1.0,0.0,0.0,1,608075.049538,159.0,4.52250489,Cluster 2,0.06858053634362025,0.042218215517549215,-0.2272279132356524,-0.10829740153236515,0.1954377936775899
241,263,Ubud,PR0486,Pondok Nini Villa,3,Villa,UN2400,Villa,Pondok Nini Villa,3.0,3.0,3.0,1.0,1.0,1.0,1.0,1.0,0.0,0.0,1,1354139.287613,156.0,4.44428571,Cluster 2,0.09425251229619992,0.0637912670507894,-0.24515861464216446,-0.022792947330127863,0.27738717052873424
242,264,Uluwatu,PR0513,Asri Village,6,Guesthouse,UN2500,Room 1,Asri Village,1.0,1.0,1.0,1.0,0.0,1.0,1.0,1.0,0.0,0.0,1,606305.746554,163.0,4.88486141,Cluster 1,-0.2614479059729181,-0.01885416383519924,-0.03860992296485915,-0.14377353668852305,0.1835386409346179
243,265,Uluwatu,PR0513,Asri Village,6,Guesthouse,UN2501,Room 2,Asri Village,1.0,1.0,1.0,1.0,0.0,1.0,1.0,1.0,0.0,0.0,1,605928.119775,148.0,4.81632653,Cluster 1,-0.2614216580720078,-0.02090906083472731,-0.039427883800303286,-0.1495834438981068,0.18643954132318355
244,266,Uluwatu,PR0513,Asri Village,6,Guesthouse,UN2502,Room 3,Asri Village,1.0,1.0,1.0,1.0,0.0,1.0,1.0,1.0,0.0,0.0,1,643193.42968,141.0,4.81785714,Cluster 1,-0.2613065665395923,-0.020814624906811578,-0.03953809989080676,-0.14921336521618433,0.1865339426624758
245,267,Uluwatu,PR0513,Asri Village,6,Guesthouse,UN2503,Room 4,Asri Village,1.0,1.0,1.0,1.0,0.0,1.0,1.0,1.0,0.0,0.0,1,604682.386826,152.0,4.81727575,Cluster 1,-0.26142663373178743,-0.02088250050833324,-0.03941231626347936,-0.14951113148638184,0.18639417275269762
246,268,Uluwatu,PR0513,Asri Village,6,Guesthouse,UN2504,Room 5,Asri Village,1.0,1.0,1.0,1.0,0.0,1.0,1.0,1.0,0.0,0.0,1,601778.03265,141.0,4.74630542,Cluster 1,-0.26129520195041395,-0.02296935414898835,-0.04023777871484064,-0.1555230498837409,0.18935954831324825
247,269,Uluwatu,PR0513,Asri Village,6,Guesthouse,UN2505,Room 6,Asri Village,1.0,1.0,1.0,1.0,0.0,1.0,1.0,1.0,0.0,0.0,1,581042.019858,147.0,4.77076412,Cluster 1,-0.26142132544901336,-0.022283699847837585,-0.039879423481510724,-0.15359428981356646,0.1882473755123129
248,270,Uluwatu,PR0528,Pondok Dahayu,4,Villa,UN2540,4BR,Pondok Dahayu 4BR,4.0,4.0,4.0,1.0,1.0,1.0,0.0,0.0,0.0,1.0,1,3088467.214442,131.0,4.8837535,Cluster 2,0.3462698140222993,0.14052559535243664,0.17627933942211552,0.2034529792632814,0.2870973401324678
249,271,Uluwatu,PR0475,WOODEN PURI Guesthouse,5,Guesthouse,UN2386,L1,Lumbung,1.0,1.0,1.0,1.0,0.0,1.0,0.0,1.0,0.0,0.0,1,482615.80234,181.0,4.476069,Cluster 1,-0.23703845301935703,-0.06088144355072305,-0.03370826850581921,-0.212267810014237,0.29006737367261554
250,272,Uluwatu,PR0475,WOODEN PURI Guesthouse,5,Guesthouse,UN2389,L2,Lumbung,1.0,1.0,1.0,1.0,0.0,1.0,1.0,1.0,0.0,0.0,1,476343.364776,136.0,4.62987013,Cluster 1,-0.2611861036379607,-0.026432437340222898,-0.041131284491899935,-0.16609553078541966,0.19361355476268366
251,273,Uluwatu,PR0475,WOODEN PURI Guesthouse,5,Guesthouse,UN2390,L3,Lumbung,1.0,1.0,1.0,1.0,0.0,1.0,0.0,1.0,0.0,0.0,1,463690.561806,127.0,4.60248447,Cluster 1,-0.23813542862554962,-0.05648001766467791,-0.032135058368961765,-0.1999711268575261,0.2828748189017564
252,274,Uluwatu,PR0475,WOODEN PURI Guesthouse,5,Guesthouse,UN2393,B1,Standard,1.0,1.0,1.0,1.0,0.0,1.0,1.0,1.0,0.0,0.0,1,437779.935021,131.0,4.43290043,Cluster 1,-0.25967493699138544,-0.03169537533279581,-0.04313076440983591,-0.18254926222029264,0.20127848611946633
253,275,Uluwatu,PR0475,WOODEN PURI Guesthouse,5,Guesthouse,UN2394,B2,Standard,1.0,1.0,1.0,1.0,0.0,1.0,1.0,1.0,0.0,0.0,1,432069.551736,114.0,4.53571429,Cluster 1,-0.26066917338185674,-0.029042907856717832,-0.04201442951652707,-0.17418649925175705,0.1972110624228601
254,276,Uluwatu,PR0792,Villa Meji,1,Guesthouse,UN3022,Villa Meji - Cottage,Cottage,1.0,1.0,1.0,1.0,0.0,1.0,1.0,1.0,0.0,1.0,1,754240.615023,22.0,4.85714286,Cluster 2,-0.05825316346263173,-0.21710863361310906,0.2152047307504654,-0.09638526110302449,0.10845658929180522
255,277,Uluwatu,PR0792,Villa Meji,1,Guesthouse,UN3026,Villa Meji - Lodge,Lodge,2.0,2.0,1.0,1.0,0.0,1.0,0.0,1.0,0.0,1.0,1,1164033.821429,28.0,4.65306122,Cluster 2,0.0007519999247870485,-0.2546337060990465,0.23109040643892387,-0.09713911833647865,0.22109677421211285
256,278,Uluwatu,PR0792,Villa Meji,1,Guesthouse,UN3028,Villa Meji - Bungalow,Bungalow ,1.0,1.0,1.0,1.0,0.0,1.0,1.0,1.0,0.0,1.0,1,827407.046875,20.0,3.9047619,Cluster 2,-0.03279471256809017,-0.24861630649793529,0.22221458345987422,-0.15961314227976395,0.13552128156514737
257,279,Uluwatu,PR0792,Villa Meji,1,Guesthouse,UN3031,Villa Meji - Pool,Pool,1.0,1.0,1.0,1.0,0.0,1.0,1.0,1.0,0.0,1.0,1,679962.65,32.0,4.76190476,Cluster 2,-0.05633165689363378,-0.22139802433504083,0.21670507168577507,-0.10359223023774605,0.1110408093640525
258,280,Uluwatu,PR0314,Breeze Hidden Village,6,Guesthouse,UN1722,Room 1,Standard,1.0,1.0,1.0,1.0,0.0,1.0,1.0,0.0,0.0,0.0,1,538491.451532,103.0,4.64489796,Cluster 3,-0.23807378787429065,0.2972319867521716,0.18598568221288622,-0.013437416927915238,0.18087719281252407
259,281,Uluwatu,PR0314,Breeze Hidden Village,6,Guesthouse,UN1724,Room 2,Standard,1.0,1.0,1.0,1.0,0.0,1.0,1.0,0.0,0.0,0.0,1,525609.891317,118.0,4.77891156,Cluster 3,-0.23856152578398382,0.29649677718313544,0.18413901250095124,-0.0030830030915698775,0.17457461968205593
260,282,Uluwatu,PR0314,Breeze Hidden Village,6,Guesthouse,UN1729,Room 4,Standard,1.0,1.0,1.0,1.0,0.0,1.0,1.0,0.0,0.0,0.0,1,505406.802801,87.0,4.65873016,Cluster 3,-0.2382535781646221,0.2971361930580102,0.18594024954789742,-0.012584917268078241,0.1800767263074871
261,283,Uluwatu,PR0314,Breeze Hidden Village,6,Guesthouse,UN1730,Room 3,Standard,1.0,1.0,1.0,1.0,1.0,1.0,1.0,0.0,0.0,0.0,1,547784.649368,87.0,4.69327731,Cluster 2,0.1152257643869616,0.3482039715339719,-0.025567291888756834,0.03899802473733717,0.18936800078051036
262,284,Uluwatu,PR0314,Breeze Hidden Village,6,Guesthouse,UN2371,Wooden 1,Wooden,1.0,1.0,1.0,1.0,0.0,1.0,1.0,0.0,0.0,0.0,1,464161.194582,130.0,4.51648352,Cluster 3,-0.23742780791269683,0.2976988375570438,0.18793038120395064,-0.02401075060761719,0.18636162497446104
263,285,Uluwatu,PR0314,Breeze Hidden Village,6,Guesthouse,UN2377,Wooden 2,Wooden,1.0,1.0,1.0,1.0,0.0,1.0,1.0,0.0,0.0,0.0,1,512239.367163,97.0,4.48571429,Cluster 3,-0.23697866414631036,0.29784442707469766,0.18807991635615848,-0.026083025939222,0.18798046761444048
264,286,Uluwatu,PR0519,Brisk Homestay,4,Guesthouse,UN2532,Lumbung 1,Lumbung,1.0,1.0,1.0,1.0,0.0,1.0,1.0,0.0,0.0,1.0,1,431671.735873,227.0,4.54779807,Cluster 2,-0.009864556486295356,0.0477491123769421,0.4510871059958057,0.024044402820474403,0.09662058484265808
265,287,Uluwatu,PR0519,Brisk Homestay,4,Guesthouse,UN2533,Lumbung 2,Lumbung,1.0,1.0,1.0,1.0,0.0,1.0,1.0,0.0,0.0,1.0,1,408875.392248,178.0,4.71768707,Cluster 2,-0.014905857401332283,0.05121475784229196,0.44516565580889567,0.034913838548611055,0.09119783279155237
266,288,Uluwatu,PR0519,Brisk Homestay,4,Guesthouse,UN2534,Standard 3,Standard,1.0,1.0,1.0,1.0,0.0,1.0,1.0,0.0,0.0,1.0,1,437022.369797,169.0,4.42857143,Cluster 2,-0.006186946866132336,0.04543991029146184,0.45478751116094107,0.016329834976958838,0.10032256535669475
267,289,Uluwatu,PR0519,Brisk Homestay,4,Guesthouse,UN2535,Standard 4,Standard,1.0,1.0,1.0,1.0,0.0,1.0,1.0,0.0,0.0,1.0,1,445321.387562,148.0,4.42261905,Cluster 2,-0.005977987847560473,0.04533679001958157,0.4549274636698633,0.015995185456529545,0.1005435161008944
268,290,Uluwatu,PR0519,Brisk Homestay,4,Guesthouse,UN2536,Standard 5,Standard,1.0,1.0,1.0,1.0,0.0,1.0,1.0,0.0,0.0,1.0,1,425629.554976,137.0,4.80952381,Cluster 2,-0.0174322608647406,0.053196816164667614,0.44154304862231414,0.04092291313721479,0.08837814405501662
269,291,Uluwatu,PR0847,Villa Kelimpahan,1,Villa,UN3080,Villa,Villa Kelimpahan,1.0,1.0,1.0,1.0,0.0,1.0,1.0,1.0,0.0,0.0,1,1777932.139706,57.0,4.09285714,Cluster 1,-0.24874694841786776,-0.036523374747569025,-0.05093230591996772,-0.19828991809716953,0.21872314251535754
270,293,Uluwatu,PR0494,Dream Breeze Village,2,Guesthouse,UN2407,Room 5,Standard,1.0,1.0,1.0,1.0,0.0,1.0,1.0,0.0,0.0,0.0,1,448706.839793,70.0,4.75714286,Cluster 3,-0.2387723642912266,0.2965573444448948,0.1847830315320094,-0.005294726401019703,0.1752198197399783
271,294,Uluwatu,PR0494,Dream Breeze Village,2,Guesthouse,UN2408,Room 6,Standard,1.0,1.0,1.0,1.0,0.0,1.0,1.0,0.0,0.0,0.0,1,448072.330886,92.0,4.68367347,Cluster 3,-0.23855090989923566,0.2969592150333343,0.185838927279006,-0.011028222289997933,0.17863907839090476
272,295,Uluwatu,PR0494,Dream Breeze Village,2,Guesthouse,UN2467,Room 1,Standard,1.0,1.0,1.0,1.0,0.0,1.0,1.0,0.0,0.0,0.0,1,459267.871988,99.0,4.55026455,Cluster 3,-0.23772598251488372,0.2975705867395881,0.18754361326674482,-0.021397310709896714,0.1848127780036145
273,296,Uluwatu,PR0494,Dream Breeze Village,2,Guesthouse,UN2468,Room 2,Standard,1.0,1.0,1.0,1.0,0.0,1.0,1.0,0.0,0.0,0.0,1,460767.092929,93.0,4.86666667,Cluster 3,-0.23880954100360421,0.295883075577918,0.1830613967557614,0.003267602234504216,0.17012876592342455
274,297,Uluwatu,PR0494,Dream Breeze Village,2,Guesthouse,UN2469,Room 3,Standard,1.0,1.0,1.0,0.0,0.0,1.0,1.0,0.0,0.0,0.0,1,486918.3605,77.0,4.82608696,Cluster 3,-0.1563632037890019,0.2747171536700433,0.15018603238359537,-0.07955099520018588,0.23031846129037065
275,298,Uluwatu,PR0494,Dream Breeze Village,2,Guesthouse,UN2470,Room 4,Standard,1.0,1.0,1.0,1.0,0.0,1.0,0.0,0.0,1.0,0.0,1,430695.484009,87.0,4.86147186,Cluster 4,-0.09657659151168888,0.43939893787444706,0.2169912942541927,-0.291886340719311,-0.006424476804139312
276,299,Uluwatu,PR0494,Dream Breeze Village,2,Guesthouse,UN2471,Room 7L,Lumbung,1.0,1.0,1.0,1.0,0.0,1.0,1.0,0.0,0.0,0.0,1,402130.878755,83.0,4.80227405,Cluster 3,-0.23898543289824287,0.2962439692995688,0.18429901305758026,-0.0021004683887225345,0.17287403733735768
277,300,Uluwatu,PR0254,The Gong,17,Guesthouse,UN1000,214,Double Balcony,1.0,1.0,1.0,1.0,0.0,1.0,1.0,1.0,0.0,1.0,1,731585.461619,160.0,4.58333333,Cluster 2,-0.05198013500225467,-0.2286334927832746,0.2185620798642174,-0.11584880799501936,0.11658422712515072
278,301,Uluwatu,PR0254,The Gong,17,Guesthouse,UN1001,215,Double Balcony,1.0,1.0,1.0,1.0,1.0,1.0,1.0,1.0,0.0,0.0,1,780020.827378,156.0,4.41680672,Cluster 2,0.07358306256227821,0.04453239458135853,-0.22243653811862169,-0.12251690171198738,0.2125059558021173
279,302,Uluwatu,PR0254,The Gong,17,Guesthouse,UN1002,216,Double Balcony,1.0,1.0,1.0,1.0,1.0,1.0,1.0,1.0,1.0,1.0,1,835302.838607,163.0,4.60914286,Cluster 2,0.2901887861542143,-0.013227808837686606,0.04851564682487594,-0.27521391271914136,-0.05657560277460346
280,303,Uluwatu,PR0254,The Gong,17,Guesthouse,UN1003,217,Double Balcony,1.0,1.0,1.0,1.0,0.0,1.0,1.0,1.0,1.0,1.0,1,720181.25138,135.0,4.37313433,Cluster 2,0.031375716039823844,-0.08500085663969521,0.2208644281642938,-0.3503661661444436,-0.08147576513633091
281,304,Uluwatu,PR0254,The Gong,17,Guesthouse,UN1004,218,Double Balcony,1.0,1.0,1.0,1.0,1.0,1.0,1.0,1.0,0.0,1.0,1,696364.194976,108.0,4.37777778,Cluster 2,0.24522370793295262,-0.15189453642799622,0.03553034569577675,-0.08089364387895162,0.13793103672518187
282,305,Uluwatu,PR0254,The Gong,17,Guesthouse,UN1007,221,Double Balcony,1.0,1.0,1.0,1.0,1.0,1.0,1.0,1.0,0.0,1.0,1,741686.514262,126.0,4.20879121,Cluster 2,0.2521205981105225,-0.15577617212446954,0.03476650475156429,-0.09046032714193046,0.1425101060225356
283,306,Uluwatu,PR0254,The Gong,17,Guesthouse,UN1008,222,Double Balcony,1.0,1.0,1.0,1.0,1.0,1.0,1.0,1.0,0.0,1.0,1,746236.195699,100.0,4.4875,Cluster 2,0.24076053236430497,-0.14896375124406153,0.03576309530889806,-0.07409894017208285,0.13515622429790303
284,307,Uluwatu,PR0254,The Gong,17,Guesthouse,UN1009,223,Double Balcony,1.0,1.0,1.0,1.0,1.0,1.0,1.0,1.0,0.0,1.0,1,637700.316553,104.0,4.23214286,Cluster 2,0.2509948719034069,-0.15541331672641834,0.03518572237107881,-0.08971096317875736,0.14151221170979825
285,308,Uluwatu,PR0254,The Gong,17,Guesthouse,UN1010,224,Double No Balcony,1.0,1.0,1.0,1.0,1.0,1.0,1.0,1.0,1.0,0.0,1,523689.655825,217.0,4.45024038,Cluster 2,0.1410374582882086,0.1753348442101543,-0.18913696233343655,-0.34159634574266423,0.0008373139357890577
286,309,Uluwatu,PR0254,The Gong,17,Guesthouse,UN1014,104,Twin,1.0,1.0,1.0,1.0,1.0,1.0,1.0,1.0,1.0,1.0,1,806715.528597,173.0,4.54383117,Cluster 2,0.29291223643015196,-0.014422024212424125,0.04843522573197216,-0.27981678508284863,-0.05573836020317175
287,310,Uluwatu,PR0254,The Gong,17,Guesthouse,UN1015,105,Twin,1.0,1.0,1.0,1.0,1.0,1.0,1.0,1.0,1.0,0.0,1,701801.510973,154.0,4.43731778,Cluster 2,0.14187946468089593,0.17539190689058518,-0.18986113591246875,-0.34151668005129043,0.0018094763254741808
288,311,Uluwatu,PR0254,The Gong,17,Guesthouse,UN1016,106,Twin,1.0,1.0,1.0,1.0,1.0,1.0,1.0,1.0,1.0,1.0,1,787860.69096,154.0,4.56900726,Cluster 2,0.29181752191421756,-0.014000189492095808,0.048555536465169774,-0.2782188996302674,-0.056179237350310336
289,312,Uluwatu,PR0254,The Gong,17,Guesthouse,UN1017,107,Twin,1.0,1.0,1.0,1.0,1.0,1.0,1.0,1.0,1.0,1.0,1,697363.124087,138.0,4.24137931,Cluster 2,0.30500238403403623,-0.0193934798512769,0.047926170665245765,-0.3000341558655878,-0.05155230622735749
290,313,Uluwatu,PR0254,The Gong,17,Guesthouse,UN1018,108,Twin,1.0,0.0,0.0,1.0,1.0,1.0,1.0,1.0,1.0,1.0,1,644697.960236,140.0,4.66666667,Cluster 2,0.28461357636792034,-0.018671891939150403,0.057208285642591235,-0.2967240910728212,-0.08159131688193125
291,314,Uluwatu,PR0529,Villa Belle-Isle,3,Villa,UN2538,Villa 1,Villa Belle-Isle,3.0,3.0,3.0,1.0,1.0,0.0,1.0,0.0,0.0,0.0,1,2456653.767422,80.0,4.6552795,Cluster 2,0.2462206987809603,0.3735848332598386,-0.06668122529440296,0.20894160157409408,0.3351028021565217
292,315,Uluwatu,PR0485,Uluwatu Kayana Bungalows,5,Guesthouse,UN2395,Bungalow 1,Uluwatu Kayana Bungalows,1.0,1.0,1.0,1.0,1.0,1.0,1.0,1.0,1.0,0.0,1,529759.772871,118.0,4.51219512,Cluster 2,0.13883401995065367,0.17578273349145535,-0.18808817372375708,-0.33685954558322556,-0.0003212284108469871
293,316,Uluwatu,PR0485,Uluwatu Kayana Bungalows,5,Guesthouse,UN2396,Bungalow 2,Uluwatu Kayana Bungalows,1.0,1.0,1.0,1.0,1.0,1.0,1.0,1.0,1.0,0.0,1,561294.387231,152.0,4.71428571,Cluster 2,0.13163834704261496,0.17724387266030955,-0.18440372985518777,-0.3208139973874463,-0.004003715890826559
294,317,Uluwatu,PR0485,Uluwatu Kayana Bungalows,5,Guesthouse,UN2397,Bungalow 3,Uluwatu Kayana Bungalows,1.0,1.0,1.0,1.0,1.0,1.0,1.0,1.0,1.0,0.0,1,548600.019822,123.0,4.70714286,Cluster 2,0.13186836029387072,0.17718306538324075,-0.1845081288156072,-0.32145879727649945,-0.003921398234186436
295,318,Uluwatu,PR0485,Uluwatu Kayana Bungalows,5,Guesthouse,UN2398,Bungalow 4,Uluwatu Kayana Bungalows,1.0,1.0,1.0,1.0,1.0,1.0,1.0,1.0,1.0,0.0,1,553238.681673,126.0,4.78485023,Cluster 2,0.1290816184768495,0.17773360201687163,-0.18296464241567845,-0.3151544255060459,-0.005344635345661794
296,319,Uluwatu,PR0485,Uluwatu Kayana Bungalows,5,Guesthouse,UN2399,Bungalow 5,Uluwatu Kayana Bungalows,1.0,1.0,1.0,1.0,1.0,1.0,1.0,1.0,1.0,0.0,1,538114.075681,111.0,4.78730159,Cluster 2,0.12896123144688854,0.17773847552433875,-0.18287147665309436,-0.3150393667561179,-0.005450113482937227
297,320,Uluwatu,PR0115,Uluwatu Village House,4,Guesthouse,UN1135,Uluwatu Village House - Room 7,Lumbung,1.0,1.0,1.0,1.0,0.0,1.0,1.0,0.0,0.0,0.0,1,516363.688491,92.0,4.55263158,Cluster 3,-0.2375533151030952,0.2976127714147617,0.1872689971142313,-0.020813644169050946,0.18498980028925738
298,321,Uluwatu,PR0115,Uluwatu Village House,4,Guesthouse,UN1136,Uluwatu Village House - Room 8,Lumbung,1.0,1.0,1.0,1.0,0.0,1.0,1.0,1.0,0.0,0.0,1,501218.517483,79.0,4.5054945,Cluster 1,-0.26020501359251047,-0.029756768731953282,-0.042590396521578845,-0.1762249828935503,0.19872513228772395
299,322,Uluwatu,PR0809,Rumah Bambu,1,Guesthouse,UN3049,Joglo Room,Main Room (Joglo),1.0,1.0,1.0,1.0,1.0,1.0,1.0,1.0,0.0,1.0,1,1227945.335664,28.0,4.55952381,Cluster 2,0.23853805672051123,-0.14612287112367758,0.034500657954598585,-0.066990384619273,0.13492482822750018
300,323,Uluwatu,PR0809,Rumah Bambu,1,Guesthouse,UN3050,Standard - Room 3,Standard,1.0,1.0,1.0,1.0,1.0,1.0,1.0,1.0,0.0,1.0,1,755463.870647,52.0,4.83428571,Cluster 2,0.22585447361566707,-0.1385842242053966,0.036903125631616844,-0.053014107896213566,0.12540433767998171
301,324,Uluwatu,PR0809,Rumah Bambu,1,Guesthouse,UN3051,Standard - Room 1,Standard,1.0,1.0,1.0,1.0,1.0,1.0,1.0,1.0,0.0,1.0,1,763066.5,39.0,4.9375,Cluster 2,0.22132488288482752,-0.135153880243796,0.03720667185138336,-0.04664442803997862,0.12243232373788136
302,325,Uluwatu,PR0188,Kubu Nyang Nyang,4,Guesthouse,UN0382,Guesthouse 1,Guesthouse,1.0,1.0,1.0,1.0,1.0,1.0,1.0,1.0,1.0,1.0,1,1063110.327092,196.0,4.66508988,Cluster 2,0.28813586073304864,-0.01192479762710224,0.04797858782338989,-0.27003777207882085,-0.056488447232354376
303,326,Uluwatu,PR0188,Kubu Nyang Nyang,4,Guesthouse,UN0384,Guesthouse 3,Guesthouse,1.0,1.0,1.0,1.0,1.0,1.0,1.0,1.0,1.0,1.0,1,1055445.409048,182.0,4.72773109,Cluster 2,0.2854076241856383,-0.010759434862317079,0.04815261191062762,-0.2657243725345073,-0.05739912403550506
304,327,Uluwatu,PR0188,Kubu Nyang Nyang,4,Guesthouse,UN0385,Guesthouse 4,Guesthouse,1.0,1.0,1.0,1.0,1.0,1.0,1.0,1.0,1.0,1.0,1,1056078.52344,175.0,4.53968254,Cluster 2,0.29347111500127226,-0.01418778350407194,0.04768122962514622,-0.27863862340064166,-0.05470260907930789
305,328,Uluwatu,PR0188,Kubu Nyang Nyang,4,Guesthouse,UN0386,Guesthouse 5,Guesthouse,1.0,1.0,1.0,1.0,1.0,1.0,1.0,1.0,1.0,0.0,1,1040804.53206,171.0,4.61293436,Cluster 2,0.13626973518501923,0.17692645692403283,-0.18762946354276414,-0.32591705487157735,-0.00017656820208943288
306,329,Uluwatu,PR0188,Kubu Nyang Nyang,4,Guesthouse,UN3098,Guesthouse 2,Guesthouse,1.0,1.0,1.0,1.0,1.0,1.0,1.0,1.0,1.0,1.0,1,1100398.294118,13.0,3.71428571,Cluster 2,0.3241712207983228,-0.02488814914368358,0.04495965368940343,-0.326816444749626,-0.041146131032390856
307,330,Uluwatu,PR0789,Uluwatu Village House 2,4,Guesthouse,UN2991,Room 3 (Deluxe),Deluxe,1.0,1.0,1.0,1.0,0.0,1.0,1.0,1.0,0.0,1.0,1,645459.221122,85.0,4.70089286,Cluster 2,-0.055017334936902515,-0.22403100343883375,0.21757080191088396,-0.1081140302811182,0.11273372895752173
308,331,Uluwatu,PR0789,Uluwatu Village House 2,4,Guesthouse,UN2992,Room 4 (Deluxe),Deluxe,1.0,1.0,1.0,1.0,0.0,1.0,1.0,1.0,0.0,1.0,1,630128.503571,81.0,4.6023166,Cluster 2,-0.052707978857606315,-0.22805605398191417,0.21873769064126045,-0.11513604980679924,0.11560606932313516
309,332,Uluwatu,PR0789,Uluwatu Village House 2,4,Guesthouse,UN2993,Room 5 (Deluxe),Deluxe,1.0,1.0,1.0,1.0,0.0,1.0,1.0,1.0,0.0,1.0,1,633535.370909,84.0,4.77992278,Cluster 2,-0.056857092368349293,-0.22069513762588971,0.21664762654334713,-0.1025879217129229,0.11030798322484897
310,333,Uluwatu,PR0789,Uluwatu Village House 2,4,Guesthouse,UN2994,Room 6 (Deluxe),Deluxe,1.0,1.0,1.0,1.0,0.0,1.0,1.0,1.0,0.0,1.0,1,630288.825581,71.0,4.7394958,Cluster 2,-0.055948111448792616,-0.2224315469762844,0.21716196072423233,-0.10547379768083766,0.11151278268519825
311,334,Umalas,PR0759,Kokomo Villas,4,Villa,UN2853,Villa 3,Kokomo Villas - 3,1.0,1.0,1.0,1.0,1.0,1.0,1.0,1.0,0.0,1.0,1,2061662.401029,145.0,4.90408163,Cluster 2,0.22466086607641722,-0.12906629705245418,0.038356256433790266,-0.04874194873205774,0.13952955444645823
312,335,Umalas,PR0759,Kokomo Villas,4,Villa,UN2854,Villa 1,Kokomo Villas - 1,2.0,2.0,2.0,1.0,1.0,1.0,1.0,1.0,0.0,1.0,1,2235740.785302,92.0,4.80142664,Cluster 2,0.23662106098436325,-0.11992774542490192,0.022822872346646504,-0.017633082191262583,0.18232069415732938
313,336,Umalas,PR0759,Kokomo Villas,4,Villa,UN2855,Villa 2,Kokomo Villas - 2,1.0,1.0,1.0,1.0,1.0,1.0,1.0,1.0,0.0,1.0,1,1728588.861166,98.0,4.92285714,Cluster 2,0.22347698807918798,-0.12934492787874574,0.03943486079715992,-0.04965810521605963,0.1379594859283899
314,337,Umalas,PR0759,Kokomo Villas,4,Villa,UN2856,Villa 5,Kokomo Villas - 5,1.0,1.0,1.0,1.0,1.0,1.0,1.0,1.0,0.0,1.0,1,1618336.699403,75.0,4.71904762,Cluster 2,0.23218424269465612,-0.13598624066939466,0.039161967523937656,-0.06270088530325517,0.14366274187171243
315,338,Ungasan,PR0500,Villa Blu Apsara,3,Villa,UN2444,Villa 1,Blu Apsara,3.0,5.0,3.0,1.0,1.0,1.0,1.0,1.0,0.0,0.0,1,1707105.526176,74.0,4.60238095,Cluster 2,0.09452410862547057,0.08776689636553392,-0.219864883968076,-0.0027815030534588114,0.31923083682867187
316,339,Ungasan,PR0767,Amerta Puratangi Villa,3,Villa,UN2935,Amerta Puratangi Villa,Entire Villa,3.0,4.0,3.0,1.0,1.0,1.0,1.0,0.0,0.0,1.0,1,1330125.062087,87.0,4.48319328,Cluster 2,0.30612572419429157,0.1440178066244426,0.1890355886982553,0.13672658272685417,0.23348897679820899
317,340,Ungasan,PR0719,Villa Tupa,3,Villa,UN2790,Entire,Villa Tupa,3.0,3.0,4.0,1.0,1.0,1.0,1.0,1.0,0.0,0.0,1,1325822.693438,81.0,4.74206349,Cluster 2,0.08772391547039658,0.08227260181637225,-0.21707215069241412,-0.016339765824105207,0.30472280360089415
318,341,Ungasan,PR0435,Villa Rumah Pertama,4,Villa,UN2266,Entire,Entire House 4BR,4.0,5.0,4.0,1.0,1.0,1.0,1.0,1.0,0.0,0.0,1,3156514.981522,114.0,4.56794425,Cluster 2,0.10442137749586734,0.0952289932405,-0.2233593658207327,0.027841132340534598,0.33903409460680006
319,342,Ungasan,PR0689,Beach House 55,3,Villa,UN2757,Unit 1,Beach House 55,3.0,3.0,3.0,1.0,1.0,1.0,1.0,0.0,0.0,0.0,1,1250814.149264,119.0,4.73849879,Cluster 2,0.1351400199145737,0.35323174603069823,-0.043373097205443654,0.10754293208130711,0.29393010329317265
320,346,Ungasan,PR0412,Maharaja Residence Homestay,5,Villa,UN2196,Entire,Entire,5.0,5.0,5.0,1.0,1.0,1.0,1.0,1.0,0.0,0.0,1,2049420.585238,72.0,4.63752665,Cluster 2,0.10596984902327984,0.10061165349589063,-0.21993612954229502,0.04831466202395329,0.3475230188138855
321,347,Ungasan,PR0787,Pondok Utari,2,Villa,UN2995,Entire,Pondok Utari,2.0,2.0,2.0,1.0,1.0,1.0,1.0,1.0,0.0,0.0,1,1085198.229323,79.0,4.60714286,Cluster 2,0.08088999262330553,0.06509949632545665,-0.21464105291127042,-0.08193028964174859,0.27160277192092863
322,348,Ungasan,PR0695,Villa Angin,2,Villa,UN2761,Villa 1,Villa Angin,2.0,3.0,2.0,1.0,1.0,1.0,1.0,0.0,0.0,1.0,1,1160943.247796,97.0,4.31043956,Cluster 2,0.3144789833841944,0.1338909280302334,0.2139145688023443,0.0916075659831307,0.20431714120785507
323,349,Ungasan,PR0432,Villa Kyl 2BR,2,Villa,UN2262,Entire,Entire,2.0,3.0,2.0,1.0,1.0,1.0,1.0,1.0,1.0,0.0,1,1548981.667211,174.0,4.55566502,Cluster 2,0.15026547652953792,0.1917876701475669,-0.18879408479867343,-0.27827133434419,0.08237767984712648
324,350,Ungasan,PR0851,Casa Aimia,3,Villa,UN3081,Entire,Entire Villa,3.0,3.0,3.0,1.0,1.0,1.0,1.0,1.0,0.0,1.0,1,1512218.027778,14.0,4.96428571,Cluster 2,0.2329362926105497,-0.09706052398078048,0.016866116977036567,0.016261719927271615,0.219824458067875
325,351,Ungasan,PR0864,Lengkungan Villas,2,Villa,UN3099,Villa 1,Villa Lengkungan 1,2.0,2.0,2.0,1.0,1.0,1.0,1.0,1.0,0.0,1.0,1,2349751.315789,5.0,4.92857143,Cluster 2,0.2312151551106589,-0.1116114735234788,0.028166365444845104,-0.017408438087544824,0.18965895743642366
326,355,Ungasan,PR0765,Istana Dalton,2,Villa,UN2884,Istana Dalton - Entire Villa,Entire Villa,2.0,2.0,2.0,1.0,1.0,1.0,1.0,1.0,0.0,1.0,1,1160920.561054,86.0,4.75793651,Cluster 2,0.23713421156187955,-0.11933209157658295,0.031058647190633257,-0.03397672739562837,0.1919061528446761
327,356,Ungasan,PR0093,Villa Istana Willy,4,Villa,UN1223,Istana Willy - Entire Villa,Villa Istana Willy,2.0,2.0,3.0,1.0,1.0,1.0,1.0,1.0,0.0,0.0,1,1185919.70679,52.0,4.55976676,Cluster 2,0.08400505752519928,0.06847632208627243,-0.21644745958258355,-0.07021364641764824,0.28117051393174824
328,357,Ungasan,PR0557,Blumaya,4,Villa,UN2786,Villa 1,Villa Blumaya,4.0,4.0,4.0,1.0,1.0,0.0,0.0,1.0,0.0,1.0,1,1941469.99157,148.0,4.75675676,Cluster 2,0.3931916354060229,-0.11303763980644184,0.012686835309393343,0.10287066769585823,0.3671886320848014
329,358,Ungasan,PR0417,NH Residence,3,Villa,UN2355,NH Residence 3A,3BR Villa 3A,3.0,3.0,3.0,1.0,1.0,1.0,1.0,1.0,0.0,0.0,1,1456935.851377,91.0,4.42388759,Cluster 2,0.09740260210702285,0.07406089086348082,-0.224395998002185,-0.047343588597438015,0.31220454956585464
330,359,Ungasan,PR0417,NH Residence,3,Villa,UN3037,NH Residence 3,3BR Villa 3,3.0,3.0,3.0,1.0,1.0,1.0,1.0,1.0,0.0,0.0,1,1417613.20354,44.0,4.67619048,Cluster 2,0.08906695041414857,0.07741367293068716,-0.2192830366237964,-0.03302788243300722,0.30237067359772885
